,aminoAcid,v_family,v_gene
0,CASSEQWAGGQPQHF,TCRBV02,TCRBV02-01
1,CAWSVKQYTEAFF,TCRBV30,TCRBV30-01
2,CASSLFGTTDGRYGYTF,TCRBV05,TCRBV05-06
3,CASGQGLNSPLHF,TCRBV02,TCRBV02-01
4,CSVVTGLGGTAQHF,TCRBV29,TCRBV29-01
5,CASSRAPGELFF,TCRBV07,TCRBV07-08
6,CASSPHWGQVGKAFF,TCRBV06,TCRBV06-05
7,CAGKGQGGYGYTF,TCRBV30,TCRBV30-01
8,CASSQVRETQYF,TCRBV04,TCRBV04-02
9,CASSLVGVEGYTF,TCRBV07,TCRBV07-09
10,CASRGGAGYGYTF,TCRBV06,TCRBV06-05
11,CASSELAGGSKNIQYF,TCRBV06,TCRBV06-01
12,CASSPGVVRDTQYF,TCRBV04,TCRBV04-03
13,CASSLTGYEQYF,TCRBV05,TCRBV05-06
14,CAWSRDSSYNSPLHF,TCRBV30,TCRBV30-01
15,CAWSVAGTLRGYSPLHF,TCRBV30,TCRBV30-01
16,CASSRDRDSGNTIYF,TCRBV04,TCRBV04-02
17,CASRLRIGLANYGYTF,TCRBV27,TCRBV27-01
18,CAWSGDRVYRYTF,TCRBV30,TCRBV30-01
19,CSVETSYNEQFF,TCRBV29,TCRBV29-01
20,CASSYRGGRPYEQYF,TCRBV06,TCRBV06-05
21,CAWSVPGMAYEQYF,TCRBV30,TCRBV30-01
22,CASRTGAKWVPQHF,TCRBV06,TCRBV06-05
23,CASSFLAGVAYEQYF,TCRBV07,TCRBV07-02
24,CAISQLASYEQYF,TCRBV10,TCRBV10-03
25,CASSQVLAGGIEQYF,TCRBV04,TCRBV04-03
26,CASSILAGDEQFF,TCRBV19,TCRBV19-01
27,CSVPRGGFGYTF,TCRBV29,TCRBV29-01
28,CAWSLFGQGPPGAFF,TCRBV30,TCRBV30-01
29,CAWSGNRGMNTEAFF,TCRBV30,TCRBV30-01
30,CASSLEAAYEQYF,TCRBV13,TCRBV13-01
31,CAWGKGAWTEAFF,TCRBV30,TCRBV30-01
32,CASSLAGAAEKLFF,TCRBV05,TCRBV05-04
33,CAWSFNRVNSPLHF,TCRBV30,TCRBV30-01
34,CASWRGAPYEQYF,TCRBV06,TCRBV06-01
35,CAWSVDSNQPQHF,TCRBV30,TCRBV30-01
36,CASSSTGWGYTF,TCRBV05,TCRBV05-01
37,CASSYFAESGSQHF,TCRBV06,TCRBV06-06
38,CSTKMGTGGNYGYTF,TCRBV29,TCRBV29-01
39,CATHVRVHGYTF,TCRBV06,TCRBV06-01
40,CASSQHAREGTEAFF,TCRBV04,TCRBV04-02
41,CASANDEQYF,TCRBV12,TCRBV12-05
42,CASSLSPWEIRGNEQYF,TCRBV27,TCRBV27-01
43,CASSPPPGTSGTDTQYF,TCRBV05,TCRBV05-04
44,CASSLFTLARGYTF,TCRBV07,TCRBV07-09
45,CAWRPTGGYGNTIYF,TCRBV30,TCRBV30-01
46,CASSRGQGDGYTF,TCRBV04,TCRBV04-02
47,CAWRIQGHYGYTF,TCRBV30,TCRBV30-01
48,CASSTPGWRKQYF,TCRBV27,TCRBV27-01
49,CAWSSVRGEKLFF,TCRBV30,TCRBV30-01
50,CASSLTGNYGYTF,TCRBV07,TCRBV07-09
51,CASSQDRQGWTEAFF,TCRBV04,TCRBV04-01
52,CSVVPGGNNYGYTF,TCRBV29,TCRBV29-01
53,CAWSVKGTNEKLFF,TCRBV30,TCRBV30-01
54,CASSQRRHGYTF,TCRBV28,TCRBV28-01
55,CSVLTEGLTDTQYF,TCRBV29,TCRBV29-01
56,CASSLHPGGENTEAFF,TCRBV05,TCRBV05-01
57,CASSGAGGYNEQFF,TCRBV25,TCRBV25-01
58,CASSSKGPAYEQYF,TCRBV06,TCRBV06-05
59,CASSYPGSPPDF,TCRBV06,TCRBV06-05
60,CASSQQ*GQKNSPLHF,TCRBV14,TCRBV14-01
61,CASKRDPYEQYF,TCRBV05,TCRBV05-06
62,CASSSGGGYYEQYF,TCRBV06,TCRBV06-05
63,CASSMNRVGEKLFF,TCRBV19,TCRBV19-01
64,CASSSAGVPPLHF,TCRBV27,TCRBV27-01
65,CASSYGRDRGYTF,TCRBV06,TCRBV06-06
66,CSARDSYGYTF,TCRBV20,TCRBV20-01
67,CAWSEVAEAFF,TCRBV30,TCRBV30-01
68,CASSPRHSPSYGYTF,TCRBV07,TCRBV07-02
69,CASSLGGPLSYEQYF,TCRBV05,TCRBV05-01
70,CASSLETGSLHF,TCRBV13,TCRBV13-01
71,CAWP*PR*QSRANVLTF,TCRBV30,TCRBV30-01
72,CASSQDQAGGNQPQHF,TCRBV04,TCRBV04-02
73,CASSALQGSEQYF,TCRBV06,TCRBV06-05
74,CASSGSGSLGAF,TCRBV10,TCRBV10-02
75,CSVGGNEQYF,TCRBV20,TCRBV20-01
76,CASS*QGSPLHF,TCRBV05,TCRBV05-06
77,CASSTSYEQYF,TCRBV02,TCRBV02-01
78,CASTLLHSEQFF,TCRBV05,TCRBV05-06
79,CSVGRGDEQYF,TCRBV29,TCRBV29-01
80,CASSQAAATAAYEQYF,TCRBV04,TCRBV04-01
81,CASSQPPRPEDTGELFF,TCRBV04,TCRBV04-01
82,CASSLQGGDTEAFF,TCRBV05,TCRBV05-04
83,CASSRGQEGYTF,TCRBV06,TCRBV06-01
84,CSARGTV*,TCRBV20,TCRBV20-01
85,CASSSDGYEQYF,TCRBV05,TCRBV05-06
86,CASSEQGGYTF,TCRBV02,TCRBV02-01
87,CASSSSGGEQYF,TCRBV07,TCRBV07-06
88,CASSYFRDQPQHF,TCRBV06,TCRBV06-05
89,CASSSGLVIDEQYF,TCRBV27,TCRBV27-01
90,CSVDNPGDEQFF,TCRBV29,TCRBV29-01
91,CASSQEGVGVTYGYTF,TCRBV04,TCRBV04-03
92,CATGLAGLETQYF,TCRBV19,TCRBV19-01
93,CASSSYLDTQYF,TCRBV11,TCRBV11-02
94,CASSLALAAYEQYF,TCRBV05,TCRBV05-01
95,CAWSVLTGGPWSEQFF,TCRBV30,TCRBV30-01
96,CASSPSGYGYTF,TCRBV02,TCRBV02-01
97,CATGGGTDTQYF,TCRBV06,TCRBV06-06
98,CASRVGVHHGYTF,TCRBV02,TCRBV02-01
99,CASRTSGGKYEQYF,TCRBV05,TCRBV05-06
100,CASSRGLGEQYF,TCRBV14,TCRBV14-01
101,CASSGVAGVGEQYF,TCRBV02,TCRBV02-01
102,CASSPQAGTTYNEQFF,TCRBV07,TCRBV07-06
103,CASSYSTGFGYTF,TCRBV06,TCRBV06-05
104,CASTGGIGNTIYF,TCRBV06,TCRBV06-05
105,CASSLSAGGQEKLFF,TCRBV07,TCRBV07-09
106,CASSPAYLLAYNEQFF,TCRBV28,TCRBV28-01
107,CASSLDRGGYTF,TCRBV02,TCRBV02-01
108,CASSQEGLRDHEQYF,TCRBV04,TCRBV04-02
109,CASRTGVDYGYTF,TCRBV27,TCRBV27-01
110,CASSAQARTAYGYTF,TCRBV02,TCRBV02-01
111,CASSLTSSSSYEQYF,TCRBV07,TCRBV07-09
112,CASSSLLVVAGRGEQFF,TCRBV05,TCRBV05-01
113,CSVVSYQNTEAFF,TCRBV29,TCRBV29-01
114,CASSRDRDEAFF,TCRBV06,TCRBV06-05
115,CASSGVDQPQHF,TCRBV27,TCRBV27-01
116,CASRLGAGAHGYTF,TCRBV05,TCRBV05-06
117,CASNKEGAGDYEQYF,TCRBV02,TCRBV02-01
118,CASSGDGDRYEQYF,TCRBV25,TCRBV25-01
119,CASSLQQSSNSPLHF,TCRBV07,TCRBV07-02
120,CSVGQGNTEAFF,TCRBV29,TCRBV29-01
121,CASRSGRGRQETQYF,TCRBV06,TCRBV06-01
122,CASSSPGLYGYTF,TCRBV05,TCRBV05-06
123,CASRDAGTASYEQYF,TCRBV06,TCRBV06-01
124,CASSPVSGELFF,TCRBV09,TCRBV09-01
125,CASSWGRGQPQHF,TCRBV05,TCRBV05-06
126,CASSYGTGGLYGYTF,TCRBV05,TCRBV05-01
127,CASSFGLAGIPAYEQYF,TCRBV05,TCRBV05-01
128,CASSLLPGLAGGTPYNEQFF,TCRBV07,TCRBV07-03
129,CASSEQTSNQPQHF,TCRBV02,TCRBV02-01
130,CASSYSRVAPNYGYTF,TCRBV06,TCRBV06-05
131,CASSL*GGRGSYEQYF,TCRBV09,TCRBV09-01
132,CASSLQGYPYEQYF,TCRBV05,TCRBV05-01
133,CAIRGNGYTF,TCRBV10,TCRBV10-03
134,CASSPRQGTDEQYF,TCRBV07,TCRBV07-09
135,CASSLI*GSPLHF,TCRBV05,TCRBV05-01
136,CASSLEIRGTEAFF,TCRBV07,TCRBV07-06
137,CASRSGQGRNEQYF,TCRBV06,TCRBV06-06
138,CASSEASSYNSPLHF,TCRBV02,TCRBV02-01
139,CAGWTGVVNQPQHF,TCRBV02,TCRBV02-01
140,CASGTGRDPGKPQHF,TCRBV06,TCRBV06-01
141,CASSDGRRGRTF,TCRBV06,TCRBV06-01
142,CASGSV*SQSRANVLTF,TCRBV05,TCRBV05-06
143,CASSVFLGGEQFF,TCRBV02,TCRBV02-01
144,CARQGVETQYF,TCRBV02,TCRBV02-01
145,CASSLREPSGNTIYF,TCRBV05,TCRBV05-06
146,CASSTPDRGGNQPQHF,TCRBV19,TCRBV19-01
147,CASREGQGNGYTF,TCRBV06,TCRBV06-01
148,CASSFSS*REGAGTYEQYF,TCRBV05,TCRBV05-01
149,CASSSGLNYEQYF,TCRBV07,TCRBV07-09
150,CASSPHKSYSATSTDTQYF,TCRBV27,TCRBV27-01
151,CASSLSGTAGLAQHF,TCRBV02,TCRBV02-01
152,CASSLAGGRGEQYF,TCRBV07,TCRBV07-04
153,CASSRWGEQYF,TCRBV28,TCRBV28-01
154,CAIGPPGLGEQYF,TCRBV10,TCRBV10-03
155,CASSEETQYF,TCRBV02,TCRBV02-01
156,CASSTKGESQPQHF,TCRBV06,TCRBV06-06
157,CASSRGVDTQYF,TCRBV19,TCRBV19-01
158,CASSQGQPYEQYF,TCRBV06,TCRBV06-05
159,CASRPGPNTGELFF,TCRBV06,TCRBV06-06
160,CASSLARTGTFTYEQYF,TCRBV13,TCRBV13-01
161,CASKGPAVTGELFF,TCRBV06,TCRBV06-06
162,CASRVGQGPVTNYGYTF,TCRBV05,TCRBV05-01
163,CASRRQGAYEQYF,TCRBV02,TCRBV02-01
164,CASSYGGGAGNTIYF,TCRBV06,TCRBV06-05
165,CASSRQGRNGYTF,TCRBV06,TCRBV06-05
166,CASGQGASSYEQYF,TCRBV12,TCRBV12-05
167,CASSLFLQAYEQYF,TCRBV28,TCRBV28-01
168,CASSVAASGNTIYF,TCRBV09,TCRBV09-01
169,CASSTLDRAGNTIYF,TCRBV05,TCRBV05-06
170,CASSEGGLTEAFF,TCRBV02,TCRBV02-01
171,CASSIAGGSYEQYF,TCRBV06,TCRBV06-01
172,CSDQGSSQETQYF,TCRBV29,TCRBV29-01
173,CASSLVQETQYF,TCRBV05,TCRBV05-01
174,CASSGSYWNTEAFF,TCRBV05,TCRBV05-04
175,CASSLVGNQPQHF,TCRBV07,TCRBV07-02
176,CASSVRGDVNTF,TCRBV11,TCRBV11-02
177,CASSVSGGRWDTQYF,TCRBV05,TCRBV05-06
178,CASSQERGTAIRSNYGYTF,TCRBV04,TCRBV04-01
179,CASRRVGGGYTF,TCRBV19,TCRBV19-01
180,CATSRGFSGGPHEQYF,TCRBV15,TCRBV15-01
181,CSVFLAGRRTTDTQYF,TCRBV29,TCRBV29-01
182,CSGTFAYEQYF,TCRBV20,TCRBV20-01
183,CASSGGPKGTYEQYF,TCRBV10,TCRBV10-01
184,CASSEN*RGGSYEQYF,TCRBV25,TCRBV25-01
185,CASSPHLGQGWNEQYF,TCRBV07,TCRBV07-02
186,CASLNTQGYTEAFF,TCRBV06,TCRBV06-06
187,CASSYLQGQPQHF,TCRBV06,TCRBV06-06
188,CASSLGTGYGYTF,TCRBV07,TCRBV07-09
189,CASSFQGQATYGYTF,TCRBV07,TCRBV07-09
190,CASSAGWSGGREDTQYF,TCRBV05,TCRBV05-01
191,CASSPSYADYGYTF,TCRBV18,TCRBV18-01
192,CAYRQGATDTQYF,TCRBV30,TCRBV30-01
193,CSVWDDSNTEAFF,TCRBV29,TCRBV29-01
194,CASSLLRQGTTEAFF,TCRBV05,TCRBV05-04
195,CASSMGQVYEQYF,TCRBV06,TCRBV06-01
196,CASSGTGGSYEQYF,TCRBV14,TCRBV14-01
197,CASRLPGHFSGNTIYF,TCRBV02,TCRBV02-01
198,CASSELNEQFF,TCRBV02,TCRBV02-01
199,CASSLTMRPTQYF,TCRBV05,TCRBV05-06
200,CATSTYRDTKPETQYF,TCRBV15,TCRBV15-01
201,CASFPGQPNTGELFF,TCRBV06,TCRBV06-05
202,CASSFLNTEAFF,TCRBV07,TCRBV07-02
203,CASSEQGRGYTF,TCRBV18,TCRBV18-01
204,CASSFPPQWGQYF,TCRBV28,TCRBV28-01
205,CASSSQGHSGNTIYF,TCRBV06,TCRBV06-05
206,CASSWR*EGGQETQYF,TCRBV05,TCRBV05-06
207,CASSFTSGNTGELFF,TCRBV11,TCRBV11-03
208,CASRGDRGDWGAFF,TCRBV02,TCRBV02-01
209,CASSLDGWPNQPQHF,TCRBV07,TCRBV07-06
210,CASSRAGTYEQYF,TCRBV14,TCRBV14-01
211,CSASSQETQYF,TCRBV20,TCRBV20-01
212,CASSRTGGTDTQYF,TCRBV07,TCRBV07-09
213,CASSPSHTEAFF,TCRBV18,TCRBV18-01
214,CASSSSVNTEAFF,TCRBV11,TCRBV11-01
215,CASIQRVINQPQHF,TCRBV28,TCRBV28-01
216,CAISGGGAPYTF,TCRBV10,TCRBV10-03
217,CASSDSEGGSSYEQYF,TCRBV06,TCRBV06-04
218,CASGSVGSGNTIYF,TCRBV06,TCRBV06-06
219,CASSLRTGGNTGELFF,TCRBV07,TCRBV07-08
220,CASSPTGGSNQPQHF,TCRBV18,TCRBV18-01
221,CAIRETYEQYF,TCRBV10,TCRBV10-03
222,YSSRVSGQSRANVLTF,TCRBV17,TCRBV17-01
223,CASQTGPSNQPQHF,TCRBV06,TCRBV06-04
224,CASSAGTGSSYEQYF,TCRBV07,TCRBV07-09
225,CASSSQTGGTYGYTF,TCRBV05,TCRBV05-01
226,CAISVGTGDYGYTF,TCRBV10,TCRBV10-03
227,CAWSVQITSGLTSLQYF,TCRBV30,TCRBV30-01
228,CASSLLAGGYNEQFF,TCRBV06,TCRBV06-05
229,CASSQEYLAGGGTGELFF,TCRBV04,TCRBV04-01
230,CASSLQNTEAFF,TCRBV07,TCRBV07-02
231,CASSPPTEYYGYTF,TCRBV28,TCRBV28-01
232,CASSLEGGWGYTF,TCRBV07,TCRBV07-09
233,CASSQGLAVYNEQFF,TCRBV14,TCRBV14-01
234,CASASDTQYF,TCRBV12,TCRBV12-05
235,CASSLEQYTEAFF,TCRBV11,TCRBV11-03
236,CASSDVRQGSANTEAFF,TCRBV06,TCRBV06-01
237,CASSLAGDYGYTF,TCRBV05,TCRBV05-01
238,CASSVGTGEDGYTF,TCRBV09,TCRBV09-01
239,CASSLRLRPSGYNEQFF,TCRBV07,TCRBV07-08
240,CASRDRGANTEAFF,TCRBV27,TCRBV27-01
241,CASSPRSDYGYTF,TCRBV18,TCRBV18-01
242,CASSFGTSPRDEQFF,TCRBV05,TCRBV05-04
243,CASSYQPVGVLEAFF,TCRBV06,TCRBV06-06
244,CASSPDLNYGYTF,TCRBV14,TCRBV14-01
245,CASSKSGSSSYEQYF,TCRBV19,TCRBV19-01
246,CASSKEGPPYEQYF,TCRBV19,TCRBV19-01
247,CASSARAPSNTGELFF,TCRBV09,TCRBV09-01
248,CASSPSGHAFF,TCRBV14,TCRBV14-01
249,CAIGGCTDGGCEKLFF,TCRBV10,TCRBV10-03
250,CASSLGTGWNYGYTF,TCRBV07,TCRBV07-02
251,CASSPLGGRLGNEQFF,TCRBV04,TCRBV04-01
252,CASRGENTEAFF,TCRBV02,TCRBV02-01
253,CASSLGASGNTIYF,TCRBV05,TCRBV05-04
254,CASRDRQTQYF,TCRBV25,TCRBV25-01
255,CASSPGTDTQYF,TCRBV02,TCRBV02-01
256,CASSLPISTDTQYF,TCRBV07,TCRBV07-06
257,CASSQGGGYEQYF,TCRBV23,TCRBV23-01
258,CASSVDPGGGYNEQFF,TCRBV09,TCRBV09-01
259,CASSTPGQGIWEQFF,TCRBV27,TCRBV27-01
260,CAWGIRDRQKEYF,TCRBV30,TCRBV30-01
261,CASSLRYLGTGELFF,TCRBV05,TCRBV05-01
262,CAGGKTGKNEKLFF,TCRBV02,TCRBV02-01
263,CASSLVGRDQPQHF,TCRBV07,TCRBV07-02
264,CASSVNDHGYTF,TCRBV09,TCRBV09-01
265,CAIRGRQGGYTF,TCRBV10,TCRBV10-03
266,CASSPSWRETQYF,TCRBV07,TCRBV07-03
267,CASSEALGQGDTEAFF,TCRBV02,TCRBV02-01
268,CASSYPGGLNYGYTF,TCRBV06,TCRBV06-06
269,CASSQDLRLADYNEQFF,TCRBV04,TCRBV04-01
270,CASSYFPGLTDTQYF,TCRBV06,TCRBV06-05
271,CASSEQGATLGELFF,TCRBV06,TCRBV06-04
272,CAAEVGTGGTGELFF,TCRBV06,TCRBV06-06
273,CASSCERG*YGYTF,TCRBV09,TCRBV09-01
274,CASSLVEGTGYTF,TCRBV07,TCRBV07-08
275,CATSRDQMGRFGYEQYF,TCRBV15,TCRBV15-01
276,CASSTRVGQGVYEQYF,TCRBV19,TCRBV19-01
277,CASSPWVFQGDEQFF,TCRBV05,TCRBV05-01
278,CSASHYNEQFF,TCRBV20,TCRBV20-01
279,CSGWTGPETQYF,TCRBV29,TCRBV29-01
280,CASSSRPGQGTDTQYF,TCRBV07,TCRBV07-06
281,CAISEQGAGANYGYTF,TCRBV10,TCRBV10-03
282,CASSGTGGNTYEQYF,TCRBV19,TCRBV19-01
283,CASSAGRMGINEQYF,TCRBV09,TCRBV09-01
284,CASSPTSGRGGANVLTF,TCRBV18,TCRBV18-01
285,CASRPGTGGNNEQFF,TCRBV28,TCRBV28-01
286,CASSVRLTGFLNSPLHF,TCRBV06,TCRBV06-01
287,CAISRSHAQETQYF,TCRBV10,TCRBV10-03
288,CASSLGLATTGELFF,TCRBV07,TCRBV07-08
289,CASSRGQGGYTEAFF,TCRBV09,TCRBV09-01
290,CASSTILNTEAFF,TCRBV28,TCRBV28-01
291,CAISGTGSEKLFF,TCRBV10,TCRBV10-03
292,CAISVTPLAKNIQYF,TCRBV10,TCRBV10-03
293,CASSYSGGGTRSWQYF,TCRBV06,TCRBV06-05
294,CASSPGSRLAGGPTDTQYF,TCRBV27,TCRBV27-01
295,CAWSVRGGRTDTQYF,TCRBV30,TCRBV30-01
296,CASSLSRSVNTEAFF,TCRBV27,TCRBV27-01
297,CASSLSAAANTEAFF,TCRBV07,TCRBV07-08
298,CASSQTGNSGNTIYF,TCRBV05,TCRBV05-01
299,CASRGSGAYNSPLHF,TCRBV07,TCRBV07-02
300,CASSTTSGTGEFF,TCRBV04,TCRBV04-03
301,CASSDTRTYNEQFF,TCRBV05,TCRBV05-04
302,CASSLTKYTDTQYF,TCRBV04,TCRBV04-03
303,CATRTEGTGELFF,TCRBV05,TCRBV05-01
304,CASSTGLAGASSYEQYF,TCRBV07,TCRBV07-02
305,CASSSPGLILATYEQYF,TCRBV28,TCRBV28-01
306,CASSKTGHSNQPQHF,TCRBV28,TCRBV28-01
307,CASSRGFDNQPQHF,TCRBV19,TCRBV19-01
308,CASSGDSAGYTF,TCRBV19,TCRBV19-01
309,CASSLSRSSYEQYF,TCRBV07,TCRBV07-02
310,CASSLGLSSYNEQFF,TCRBV27,TCRBV27-01
311,CASSKRD*RDNEQFF,TCRBV21,TCRBV21-01
312,CASSPDSWETQYF,TCRBV11,TCRBV11-02
313,CSVESTGAGAFF,TCRBV29,TCRBV29-01
314,CASSLWSDRSWSEAFF,TCRBV28,TCRBV28-01
315,CASSPDRGNTEAFF,TCRBV18,TCRBV18-01
316,CASSKGGGNSPLHF,TCRBV21,TCRBV21-01
317,CASSPSLNTEAFF,TCRBV19,TCRBV19-01
318,CAISLKPWENSYEQYF,TCRBV10,TCRBV10-03
319,CASSLTTSGTYEQYF,TCRBV07,TCRBV07-02
320,CASSPRIRSGNTIYF,TCRBV28,TCRBV28-01
321,CASSLMNEQFF,TCRBV07,TCRBV07-09
322,CASSFVGARGDTQYF,TCRBV05,TCRBV05-01
323,CASSLTSGGADTQYF,TCRBV07,TCRBV07-02
324,CASSLGRNSNQPQHF,TCRBV18,TCRBV18-01
325,CASSSTGGWVETQYF,TCRBV06,TCRBV06-05
326,CASSQDIGTGVLDTQYF,TCRBV04,TCRBV04-01
327,CASIAD*RDNTGELFF,TCRBV28,TCRBV28-01
328,CASSRQGWEKLFF,TCRBV18,TCRBV18-01
329,CASSLSESTVYGYTF,TCRBV28,TCRBV28-01
330,CASVGDGYEQYF,TCRBV02,TCRBV02-01
331,CASRYDSFSSGTSGYEQYF,TCRBV07,TCRBV07-02
332,CASSN*GRTKNIQYF,TCRBV21,TCRBV21-01
333,CASSLGSGGYNEQFF,TCRBV05,TCRBV05-01
334,CASSLGPHNEQFF,TCRBV11,TCRBV11-01
335,CASSPNLVHVTQYF,TCRBV09,TCRBV09-01
336,CASSLTATDTQYF,TCRBV05,TCRBV05-04
337,CASSLNTEAFF,TCRBV05,TCRBV05-01
338,CASSLLPQDEAQPQHF,TCRBV19,TCRBV19-01
339,CAASAGREGPYEQYF,TCRBV10,TCRBV10-03
340,CASSPLFVRGFTDTQYF,TCRBV18,TCRBV18-01
341,CASIGREHQNQPQHF,TCRBV19,TCRBV19-01
342,CASSLGGYGYTF,TCRBV11,TCRBV11-02
343,CASSPSISYEQYF,TCRBV28,TCRBV28-01
344,CASSLEASGGSYEQYF,TCRBV05,TCRBV05-01
345,CASGN*DAGQSRANVLTF,TCRBV12,TCRBV12-05
346,CASSDPWTFLEETQYF,TCRBV10,TCRBV10-02
347,CASGYRGGTGSKETQYF,TCRBV12,TCRBV12-05
348,CASAQGPTEAFF,TCRBV10,TCRBV10-02
349,CAISRGENQPQHF,TCRBV10,TCRBV10-03
350,CASSLTGRRDYGYTF,TCRBV28,TCRBV28-01
351,CASSPRTSGGGANVLTF,TCRBV04,TCRBV04-02
352,CASSSDLRDDEQFF,TCRBV28,TCRBV28-01
353,CASSYLFSHNEQFF,TCRBV06,TCRBV06-05
354,CASSLVGTRIVTDTQYF,TCRBV05,TCRBV05-01
355,CASISD*RRAGGELFF,TCRBV05,TCRBV05-01
356,CASSQVGGSEAFF,TCRBV14,TCRBV14-01
357,CASSH*PTSGRENEQFF,TCRBV27,TCRBV27-01
358,CASSAAGSTDTQYF,TCRBV04,TCRBV04-02
359,CASSIIGEAFF,TCRBV19,TCRBV19-01
360,CASSPTGEVRRNGYTF,TCRBV19,TCRBV19-01
361,CASSLRQAAYEQYF,TCRBV11,TCRBV11-02
362,CASSSSARAGNTIYF,TCRBV19,TCRBV19-01
363,CASSLYAGVTNEQFF,TCRBV27,TCRBV27-01
364,CASSGLAGGVRNNEQFF,TCRBV07,TCRBV07-08
365,CASSLEGASTEAFF,TCRBV05,TCRBV05-01
366,CASSLNRGGGNQPQHF,TCRBV28,TCRBV28-01
367,CSVVAGGRGYGYTF,TCRBV29,TCRBV29-01
368,CASSLVGGDPNGYTF,TCRBV07,TCRBV07-02
369,CASSLLPGTYEQYF,TCRBV07,TCRBV07-02
370,CASSYSSGRVNEQFF,TCRBV06,TCRBV06-05
371,CASSTTGTGTNTQYF,TCRBV06,TCRBV06-05
372,CASSLGPEAFF,TCRBV05,TCRBV05-06
373,CASSLEGASTEAFF,TCRBV05,TCRBV05-01
374,CAISDGLGRGYTF,TCRBV10,TCRBV10-03
375,CASSASGQPGISQETQYF,TCRBV06,TCRBV06-04
376,CASSLTPDRADTQYF,TCRBV05,TCRBV05-04
377,CASSWTSGSTDTQYF,TCRBV05,TCRBV05-04
378,CASSKETGELFF,TCRBV21,TCRBV21-01
379,CASSPTGSPYNEQFF,TCRBV07,TCRBV07-09
380,CASSPLVLPDTQYF,TCRBV18,TCRBV18-01
381,CASSEKGGTYEQYF,TCRBV06,TCRBV06-01
382,CASSPSDRGAAGANVLTF,TCRBV18,TCRBV18-01
383,CASSFPTSGGLDTQYF,TCRBV06,TCRBV06-06
384,CASSFSQGAGIAEAFF,TCRBV27,TCRBV27-01
385,CASSPPSGSWYEQYF,TCRBV09,TCRBV09-01
386,CASSLRLAVPYEQYF,TCRBV28,TCRBV28-01
387,CASSLDRGGNIQYF,TCRBV11,TCRBV11-02
388,CASSPGGGYEQFF,TCRBV27,TCRBV27-01
389,CASSLSGKETQYF,TCRBV28,TCRBV28-01
390,CASALRDTQYF,TCRBV12,TCRBV12-05
391,CASSSVYSGTEAFF,TCRBV05,TCRBV05-01
392,CASSDLRNRSGWYEKLFF,TCRBV06,TCRBV06-04
393,CAISESIRWDRGSSYEQYF,TCRBV10,TCRBV10-03
394,CASSDRVGNTIYF,TCRBV11,TCRBV11-02
395,CASSLGGEETQYF,TCRBV28,TCRBV28-01
396,CASYGETTDTQYF,TCRBV09,TCRBV09-01
397,CASSIKGGGGPSGQPQHF,TCRBV19,TCRBV19-01
398,CASRRR*TLLEQYF,TCRBV19,TCRBV19-01
399,CASSHSSPWETQYF,TCRBV11,TCRBV11-02
400,CASSRTAANTGELFF,TCRBV06,TCRBV06-05
401,CASSQGQGNTEAFF,TCRBV18,TCRBV18-01
402,CASNPLGQTNAEAFF,TCRBV07,TCRBV07-02
403,CASKVGTSQGLNEKLFF,TCRBV02,TCRBV02-01
404,CAIIGTRSLNEQFF,TCRBV19,TCRBV19-01
405,CASSYWAGSQQFF,TCRBV06,TCRBV06-06
406,CASSQETGSPKETQYF,TCRBV23,TCRBV23-01
407,CASSFHQGVGDTQYF,TCRBV07,TCRBV07-06
408,CASSRDREDEKLFF,TCRBV28,TCRBV28-01
409,CASSSPGPFYGYTF,TCRBV05,TCRBV05-06
410,CASSVDGGLGISSYNEQFF,TCRBV09,TCRBV09-01
411,CATSRDETLLYNEQFF,TCRBV15,TCRBV15-01
412,CASSLDNNNEQFF,TCRBV07,TCRBV07-07
413,CASSDWGTDTQYF,TCRBV25,TCRBV25-01
414,CASSMGRGNTEAFF,TCRBV19,TCRBV19-01
415,CASSLGQGAGFREKLFF,TCRBV07,TCRBV07-02
416,CASSFPRGYGYTF,TCRBV11,TCRBV11-02
417,CASSGGGTQYF,TCRBV07,TCRBV07-06
418,CASSGETQYF,TCRBV10,TCRBV10-02
419,CASSHSKGLAGEETQYF,TCRBV04,TCRBV04-02
420,CASSLNEAGELFF,TCRBV07,TCRBV07-03
421,CASSRAGTGTALFYEQYF,TCRBV19,TCRBV19-01
422,CASWRGAPYEQYF,TCRBV06,TCRBV06-01
423,CASSEYQGSSGANVLTF,TCRBV02,TCRBV02-01
424,CASSLGTASGANVLTF,TCRBV28,TCRBV28-01
425,CASSPFETSGRARTQYF,TCRBV19,TCRBV19-01
426,CASSTNPPRAGGRNTGELFF,TCRBV05,TCRBV05-01
427,CASSLVYYNEQFF,TCRBV11,TCRBV11-02
428,CASNMLGEVGTEAFF,TCRBV19,TCRBV19-01
429,CASSPNVFYEQYF,TCRBV05,TCRBV05-05
430,CASSRDRASYEQYF,TCRBV07,TCRBV07-02
431,CASSWLRDFSGNTIYF,TCRBV07,TCRBV07-02
432,CASSLQALRANVLTF,TCRBV28,TCRBV28-01
433,CASKLGQTYNSPLHF,TCRBV10,TCRBV10-02
434,CASSMT*LGRVYEQFF,TCRBV19,TCRBV19-01
435,CASSSSGGYNEQFF,TCRBV07,TCRBV07-08
436,CASSPWQGQETQYF,TCRBV18,TCRBV18-01
437,CASSRQGLNTGELFF,TCRBV19,TCRBV19-01
438,CASSELKSTNEKLFF,TCRBV25,TCRBV25-01
439,CASSPGTSGEQYF,TCRBV05,TCRBV05-04
440,CASSFIGGSARNEQFF,TCRBV11,TCRBV11-02
441,CASSSQPGGPLTDTQYF,TCRBV05,TCRBV05-01
442,CASSLGGRIAITDTQYF,TCRBV19,TCRBV19-01
443,CASSPWTSPGELFF,TCRBV18,TCRBV18-01
444,CASSPGTLTEAFF,TCRBV18,TCRBV18-01
445,CASGSPADRNTEAFF,TCRBV12,TCRBV12-05
446,CAIKRLAGAVDEQFF,TCRBV10,TCRBV10-03
447,CASTGSGSVIHYNEQFF,TCRBV07,TCRBV07-08
448,CASSPTGTNLYNEQFF,TCRBV07,TCRBV07-03
449,CATSRDLNKGLAGGVSYNEQFF,TCRBV15,TCRBV15-01
450,CASSYSGHSYNEQFF,TCRBV06,TCRBV06-05
451,CASSVTPTETQYF,TCRBV09,TCRBV09-01
452,CASSPRDYGRGVAFF,TCRBV11,TCRBV11-02
453,CASSSGRGPRNTIYF,TCRBV07,TCRBV07-02
454,CASSSDPKCQSRANVLTF,TCRBV07,TCRBV07-07
455,CASSEEGRFEQFF,TCRBV06,TCRBV06-01
456,CASSRVKVASGNTEAFF,TCRBV11,TCRBV11-02
457,CASSEGDFYSNQPQHF,TCRBV10,TCRBV10-02
458,CASSTRGLAGLEQFF,TCRBV28,TCRBV28-01
459,CASSWTGGVPGGGELFF,TCRBV19,TCRBV19-01
460,CASSPIAGADTGELFF,TCRBV18,TCRBV18-01
461,CASSLSGQNYGYTF,TCRBV05,TCRBV05-05
462,CASSWTGGLNTEAFF,TCRBV28,TCRBV28-01
463,CASSVIASYNEQFF,TCRBV05,TCRBV05-01
464,CASSIALGQGGPSTEAFF,TCRBV19,TCRBV19-01
465,CASSFGSVSGNTIYF,TCRBV05,TCRBV05-05
466,CASTWSSGANVLTF,TCRBV06,TCRBV06-06
467,CASSLAWLITQNSGANVLTF,TCRBV07,TCRBV07-02
468,CASSVIGYNEQFF,TCRBV10,TCRBV10-02
469,CASSPRSGEETQYF,TCRBV18,TCRBV18-01
470,CASSWRTGPGMNTEAFF,TCRBV11,TCRBV11-02
471,CASTGPGAGNIQYF,TCRBV19,TCRBV19-01
472,CASSKGGGNSPLHF,TCRBV21,TCRBV21-01
473,CASSLVSGITEAFF,TCRBV07,TCRBV07-09
474,CAISDGVWDRMNTEAFF,TCRBV10,TCRBV10-03
475,CASSEALGGPQETQYF,TCRBV06,TCRBV06-01
476,CASRRQGTDTQYF,TCRBV02,TCRBV02-01
477,CASSQEVGALTEAFF,TCRBV07,TCRBV07-09
478,CASSLRRRGSSSYEQYF,TCRBV07,TCRBV07-08
479,CASSPHRDSSYEQYF,TCRBV18,TCRBV18-01
480,CASSEEQLAFGANVLTF,TCRBV02,TCRBV02-01
481,CASSPDPGQGGETQYF,TCRBV05,TCRBV05-05
482,CASSEWLGARDTQYF,TCRBV06,TCRBV06-01
483,CACRNTEAFF,TCRBV06,TCRBV06-01
484,CASSYSGTTNEKLFF,TCRBV06,TCRBV06-06
485,CASMGSGANVLTF,TCRBV27,TCRBV27-01
486,CASSIARPETQYF,TCRBV19,TCRBV19-01
487,CASSPHKDVGTDNTEAFF,TCRBV16,TCRBV16-01
488,CASS*PQTNQSRANVLTF,TCRBV19,TCRBV19-01
489,CSADGLAGRSSYNEQFF,TCRBV29,TCRBV29-01
490,CASSFGETQYF,TCRBV07,TCRBV07-02
491,CASSPI*AGPSRGTDTQYF,TCRBV18,TCRBV18-01
492,CASSFRTGGYGYTF,TCRBV05,TCRBV05-04
493,CASSLFGTTDGRYGYTF,TCRBV05,TCRBV05-04
494,CASSLAPLVSNYGYTF,TCRBV05,TCRBV05-05
495,CASSLSYEQYF,TCRBV05,TCRBV05-05
496,CASSSGLAGGFF,TCRBV07,TCRBV07-09
497,CASESSYNEQFF,TCRBV18,TCRBV18-01
498,CASSQTIRD*KYQETQYF,TCRBV04,TCRBV04-03
499,CASFPGQPNTGELFF,TCRBV06,TCRBV06-05
500,CAISEHRGTNQPQHF,TCRBV10,TCRBV10-03
501,CASSEALGGPQETQYF,TCRBV06,TCRBV06-01
502,CASK**RGQETQYF,TCRBV21,TCRBV21-01
503,CAIVTSGRVRGTDTQYF,TCRBV07,TCRBV07-09
504,CASSLSTRLAGHTGELFF,TCRBV27,TCRBV27-01
505,CASSGSPANTEAFF,TCRBV06,TCRBV06-05
506,CASSRGLLYSNQPQHF,TCRBV05,TCRBV05-05
507,CASSGLAGGVRNNEQFF,TCRBV07,TCRBV07-08
508,CASSPRDPKETQYF,TCRBV07,TCRBV07-09
509,CASSLWRDGRDTQYF,TCRBV07,TCRBV07-09
510,CASSYRTSGSTGELFF,TCRBV06,TCRBV06-06
511,CASSLNSGASGNTIYF,TCRBV02,TCRBV02-01
512,CASSFLAGEQFF,TCRBV05,TCRBV05-01
513,CASSFEGGSYNEQFF,TCRBV05,TCRBV05-04
514,CASSLANNEQFF,TCRBV05,TCRBV05-05
515,CASSPWTSPGELFF,TCRBV18,TCRBV18-01
516,CASSPTGSPYNEQFF,TCRBV07,TCRBV07-09
517,CASSRTP*FDSYNEQFF,TCRBV19,TCRBV19-01
518,CSGWTGPETQYV,TCRBV29,TCRBV29-01
519,CASSPHWGQVGKAFF,TCRBV06,TCRBV06-01
520,CASRGGAGYGYTF,TCRBV06,TCRBV06-06
521,CASSLFGTTDGRYGYTF,TCRBV04,TCRBV04-02
522,CASSRQGTRDGYTF,TCRBV02,TCRBV02-01
523,CASSYRGGRPYEQYF,TCRBV06,TCRBV06-06
524,CAWSNRGTYEQYF,TCRBV30,TCRBV30-01
525,CASSLAGKLAGGGETQYF,TCRBV05,TCRBV05-01
526,CASSYDPFFGTGVGDTQYF,TCRBV07,TCRBV07-02
527,CASSKGLATDTQYF,TCRBV07,TCRBV07-02
528,CASSPGTLTEAFF,TCRBV18,TCRBV18-01
529,CATSREARNTEAFF,TCRBV15,TCRBV15-01
530,CASSLIVSSGANVLTF,TCRBV05,TCRBV05-05
531,CASSFRDSYNEQFF,TCRBV07,TCRBV07-03
532,CASSIAGDNDIDTQYF,TCRBV19,TCRBV19-01
533,CASSLGRLTSDTQYF,TCRBV11,TCRBV11-03
534,CASSLVSPDTQYF,TCRBV05,TCRBV05-01
535,CASSLQAGSTDTQYF,TCRBV07,TCRBV07-02
536,CASSRAPGELFF,TCRBV07,TCRBV07-04
537,CASSKGGGQ*NTGELFF,TCRBV21,TCRBV21-01
538,CASSKAPPQGSSSNEKLFF,TCRBV19,TCRBV19-01
539,CASSLAGAAEKLFF,TCRBV04,TCRBV04-02
540,CASSEQWAGGQPQHF,TCRBV02,TCRBV02-01
541,CASSYGRDRGYTF,TCRBV06,TCRBV06-05
542,CASSPDRVYGYTF,TCRBV28,TCRBV28-01
543,CASSPRHSPSYGYTF,TCRBV11,TCRBV11-03
544,CASSQGQPYEQYF,TCRBV06,TCRBV06-06
545,CASSPVPVRTYSYEQYF,TCRBV18,TCRBV18-01
546,CASSSGLNYEQYF,TCRBV11,TCRBV11-01
547,CASSRLAGVYNEQFF,TCRBV19,TCRBV19-01
548,CASSETSSYNEQFF,TCRBV09,TCRBV09-01
549,CASSSDPGGTQYF,TCRBV05,TCRBV05-06
550,CASSQVRETQYF,TCRBV05,TCRBV05-04
551,CASSQDRAGGTDTQYF,TCRBV04,TCRBV04-03
552,CASSGNAKRAFF,TCRBV25,TCRBV25-01
553,CASSLLRQGTTEAFF,TCRBV04,TCRBV04-02
554,CASLNTQGYTEAFF,TCRBV06,TCRBV06-05
555,CASRGFSGEYTEAFF,TCRBV09,TCRBV09-01
556,CASSGSYWNTEAFF,TCRBV04,TCRBV04-02
557,CAWSGLGPPGQYF,TCRBV30,TCRBV30-01
558,CAWTGGKNSPLHF,TCRBV30,TCRBV30-01
559,CAWMGNQPQHF,TCRBV30,TCRBV30-01
560,CAWSGTSGGYTF,TCRBV30,TCRBV30-01
561,CAWSLFGSLYEQYF,TCRBV30,TCRBV30-01
562,CSVGQGYEQYF,TCRBV29,TCRBV29-01
563,CAWSGTEISYEQYF,TCRBV30,TCRBV30-01
564,CAWTPGQGREQYF,TCRBV30,TCRBV30-01
565,CSVVRGVNYGYTF,TCRBV29,TCRBV29-01
566,*PLIIGEVSNQPQHF,TCRBV30,TCRBV30-01
567,CAWSTGPNQPQHF,TCRBV30,TCRBV30-01
568,CASSLEAGYEQYF,TCRBV13,TCRBV13-01
569,CAWARRTVKDTQYF,TCRBV30,TCRBV30-01
570,CAWSGTQNTEAFF,TCRBV30,TCRBV30-01
571,CASSLDSDYGYTF,TCRBV05,TCRBV05-01
572,CSVEGVSSYGYTF,TCRBV29,TCRBV29-01
573,CACRQGGNTIYF,TCRBV30,TCRBV30-01
574,CASSFRDSYNEQFF,TCRBV05,TCRBV05-01
575,CAWRPGASGNTIYF,TCRBV30,TCRBV30-01
576,CAWSPGTDYNEQFF,TCRBV30,TCRBV30-01
577,CASSSSKWREQYF,TCRBV06,TCRBV06-05
578,CASSPGQGYLYEQYF,TCRBV04,TCRBV04-01
579,CAILGGSGYTF,TCRBV10,TCRBV10-03
580,CAWTGGAFF,TCRBV30,TCRBV30-01
581,CSVRVIPNEKLFF,TCRBV29,TCRBV29-01
582,CASSQGMVGQGSGYTF,TCRBV04,TCRBV04-01
583,CYEQYF,TCRBV23,TCRBV23-01
584,CASSYSHGTYEQYF,TCRBV06,TCRBV06-05
585,CASSLIETEEEKLFF,TCRBV06,TCRBV06-05
586,CASSTGTGNYEQYF,TCRBV06,TCRBV06-05
587,CAWSAGLGYTGELFF,TCRBV30,TCRBV30-01
588,CSVAQGAGELFF,TCRBV29,TCRBV29-01
589,CASSQSGV*QRSNQPQHF,TCRBV23,TCRBV23-01
590,CASSRIIAGRDEQYF,TCRBV04,TCRBV04-03
591,CSVTSGTGGNTIYF,TCRBV29,TCRBV29-01
592,CASSPEQGNNQPQHF,TCRBV04,TCRBV04-02
593,CASSFGYAYEQYF,TCRBV07,TCRBV07-09
594,CASSLQQSSYEQYF,TCRBV27,TCRBV27-01
595,CASIRAGLAYEQYF,TCRBV06,TCRBV06-06
596,CASSRDSYQETQYF,TCRBV18,TCRBV18-01
597,CASSYSAGSPYEQYF,TCRBV06,TCRBV06-05
598,CASSLFPYEQYF,TCRBV07,TCRBV07-09
599,CSVANEKLFF,TCRBV29,TCRBV29-01
600,CAWTRGLNTGELFF,TCRBV30,TCRBV30-01
601,CASSYSKGTHGYTF,TCRBV06,TCRBV06-05
602,CASSQAGDYGYTF,TCRBV04,TCRBV04-02
603,CASSPGRLYEQYF,TCRBV19,TCRBV19-01
604,CASSLVVTYEQYF,TCRBV07,TCRBV07-02
605,CASSYFVDEKLFF,TCRBV06,TCRBV06-06
606,CASSFSGSYEQYF,TCRBV05,TCRBV05-01
607,CASSPREENSPLHF,TCRBV06,TCRBV06-06
608,CASSSLLLPLF,TCRBV06,TCRBV06-06
609,CASSESARTGPYEQYF,TCRBV05,TCRBV05-01
610,CASRLNSNQPQHF,TCRBV06,TCRBV06-06
611,CASSGLTGTYYEQYF,TCRBV27,TCRBV27-01
612,CASSALVGQSNSPLHF,TCRBV25,TCRBV25-01
613,CASSDSPALYYGYTF,TCRBV06,TCRBV06-05
614,CATSPLRGTGVGEQYF,TCRBV15,TCRBV15-01
615,CASSWGTGVTEAFF,TCRBV06,TCRBV06-05
616,CASSLEMSYTF,TCRBV05,TCRBV05-04
617,CASSVDQGPYGYTF,TCRBV09,TCRBV09-01
618,CASSQGQGGNTIYF,TCRBV04,TCRBV04-03
619,CASSLHRESYEQYF,TCRBV07,TCRBV07-02
620,CASSHTGGANYGYTF,TCRBV04,TCRBV04-01
621,CASSCPNRDRGSGGYGYTF,TCRBV06,TCRBV06-08
622,CASSPIRGLYYGYTF,TCRBV06,TCRBV06-05
623,CASSSTTVSYEQYF,TCRBV07,TCRBV07-09
624,CASSYRVNTEAFF,TCRBV06,TCRBV06-05
625,CASSLVGTRIETQYF,TCRBV05,TCRBV05-01
626,CAWSVYRGQETQYF,TCRBV30,TCRBV30-01
627,CASSRRALNEKLFF,TCRBV28,TCRBV28-01
628,CASSFSGYGYTF,TCRBV05,TCRBV05-01
629,CASSLELAGGPEQYF,TCRBV05,TCRBV05-01
630,CSVEDRVGTDTQYF,TCRBV29,TCRBV29-01
631,CASSSQGYSNQPQHF,TCRBV02,TCRBV02-01
632,CASSWTSGGAGIYEQYF,TCRBV05,TCRBV05-01
633,CASISLQYEQYF,TCRBV06,TCRBV06-06
634,CASSSPPSQTGELFF,TCRBV27,TCRBV27-01
635,CASSVGLAGGIYEQYF,TCRBV02,TCRBV02-01
636,CASSFPGEFPYTF,TCRBV05,TCRBV05-04
637,CATSLRSRVGELFF,TCRBV15,TCRBV15-01
638,CASRLAALTYEQYF,TCRBV07,TCRBV07-02
639,CASSLDYTEAFF,TCRBV07,TCRBV07-09
640,CAWSTSGTDTQYF,TCRBV30,TCRBV30-01
641,CASARASGNTIYF,TCRBV06,TCRBV06-05
642,CASRVGPWGYTF,TCRBV28,TCRBV28-01
643,CASKITKSGQRPDF,TCRBV19,TCRBV19-01
644,CASSLIQGGGEKLFF,TCRBV05,TCRBV05-01
645,CASSLVVSYEQYF,TCRBV07,TCRBV07-02
646,CASSLLRYGYTF,TCRBV28,TCRBV28-01
647,CASTESYNSPLHF,TCRBV10,TCRBV10-01
648,CASSGPELADEQFF,TCRBV18,TCRBV18-01
649,CASSRSETDSNQPQHF,TCRBV04,TCRBV04-01
650,CASSSGRAYEQYF,TCRBV06,TCRBV06-06
651,CASSLGGSVYEQYF,TCRBV07,TCRBV07-02
652,CASSYSKGYSYNEQFF,TCRBV06,TCRBV06-05
653,CASSPYRDGQPQHF,TCRBV28,TCRBV28-01
654,CASSLSGIRGLGYEQYF,TCRBV28,TCRBV28-01
655,CASSLIWGYGSYEQYF,TCRBV07,TCRBV07-08
656,CASSVDGGRAPYEQYF,TCRBV09,TCRBV09-01
657,WGENYGYTF,TCRBV21,TCRBV21-01
658,CASSLQGGGSPLHF,TCRBV07,TCRBV07-02
659,CASSRRGITVAGELFF,TCRBV06,TCRBV06-06
660,CASSRTGRGYGYTF,TCRBV06,TCRBV06-01
661,CASSLGGGSLYEQYF,TCRBV05,TCRBV05-04
662,CASTTGTLSGNTIYF,TCRBV10,TCRBV10-03
663,CASDSSGANVLTF,TCRBV02,TCRBV02-01
664,CASSRSGGERAPLHF,TCRBV07,TCRBV07-09
665,CASSLTSGSYEQYF,TCRBV07,TCRBV07-02
666,CASSRGSVPQSRANVLTF,TCRBV07,TCRBV07-07
667,CASSYRQEKGHIQYF,TCRBV06,TCRBV06-05
668,CASSVVIGAREHEQFF,TCRBV09,TCRBV09-01
669,CASSLGGYGYTF,TCRBV19,TCRBV19-01
670,CASSLVPGNSYGYTF,TCRBV07,TCRBV07-08
671,CASSFDRGEGYTF,TCRBV07,TCRBV07-09
672,CASSTRPGSLYEQYF,TCRBV19,TCRBV19-01
673,CASSRRTGTGRTFSPLHF,TCRBV07,TCRBV07-09
674,CASSFGPGNSPLHF,TCRBV06,TCRBV06-05
675,CASTLNQGHGYTF,TCRBV07,TCRBV07-02
676,CAWSPMGGGDYEQYF,TCRBV30,TCRBV30-01
677,CASSYPGHSGNTIYF,TCRBV06,TCRBV06-06
678,CASSPGGRTSGNNEQFF,TCRBV05,TCRBV05-04
679,CAWMGQGHPGADTQYF,TCRBV30,TCRBV30-01
680,CASSIASGRWFYGYEQYF,TCRBV07,TCRBV07-09
681,CASSQETGLAGGRAEQFF,TCRBV04,TCRBV04-01
682,CASPWQGLYQETQYF,TCRBV06,TCRBV06-05
683,CASTLGLAGTGELFF,TCRBV05,TCRBV05-04
684,CASSQETDRGNEKLFF,TCRBV04,TCRBV04-01
685,CASSLGTSGRGELFF,TCRBV05,TCRBV05-04
686,CAWGLDSNQPQHF,TCRBV30,TCRBV30-01
687,CASSVGGQNQPQHF,TCRBV09,TCRBV09-01
688,CASSQSTGGEQYF,TCRBV23,TCRBV23-01
689,CASSMLRGQADSPLHF,TCRBV19,TCRBV19-01
690,CASSSLQGAGTQYF,TCRBV05,TCRBV05-01
691,CAWGEVGTGELFF,TCRBV30,TCRBV30-01
692,CASSQTTGTNEKLFF,TCRBV06,TCRBV06-06
693,CASSQGAALNQPQHF,TCRBV25,TCRBV25-01
694,CASEGTGGRYEQFF,TCRBV05,TCRBV05-01
695,CASSVLPSGSYNEQFF,TCRBV09,TCRBV09-01
696,CASSFSGASTDTQYF,TCRBV05,TCRBV05-04
697,CASSESTGWREKLFF,TCRBV06,TCRBV06-01
698,CASSRGGLAGETYEQYF,TCRBV19,TCRBV19-01
699,CASSLLDGRVKTQYF,TCRBV27,TCRBV27-01
700,CASTGGSNQPQHF,TCRBV06,TCRBV06-01
701,CAISEGGYGYTF,TCRBV10,TCRBV10-03
702,CASSSNQVRGDLYGYTF,TCRBV07,TCRBV07-09
703,CASSWGSREGYTF,TCRBV05,TCRBV05-04
704,CASKGPAIGEQYF,TCRBV10,TCRBV10-03
705,CASSPQTIPSTGELFF,TCRBV18,TCRBV18-01
706,CASSFQAGWGVTEAFF,TCRBV27,TCRBV27-01
707,CASRERQGDEKLFF,TCRBV02,TCRBV02-01
708,CASSRGGNEKLFF,TCRBV02,TCRBV02-01
709,CASSIRGGAPYEQYF,TCRBV28,TCRBV28-01
710,CASSHGRTSGNYEQYF,TCRBV07,TCRBV07-02
711,CASSLVGTGAYNEQFF,TCRBV05,TCRBV05-01
712,CASSVAENTEAFF,TCRBV06,TCRBV06-01
713,CASRALQGIQPQHF,TCRBV06,TCRBV06-01
714,CASSLGGGQSGPYGYTF,TCRBV07,TCRBV07-08
715,CASSSSRDSRLINYGYTF,TCRBV07,TCRBV07-09
716,CASSLAGIGNTIYF,TCRBV05,TCRBV05-01
717,CASSRQSAEAFF,TCRBV19,TCRBV19-01
718,CASSLDALGPYGYTF,TCRBV05,TCRBV05-01
719,CASSIGDRGLYEQYF,TCRBV19,TCRBV19-01
720,CAISESGGGYTF,TCRBV10,TCRBV10-03
721,CASSYSTSGRGETQYF,TCRBV06,TCRBV06-05
722,CASSLVLAEETQYF,TCRBV05,TCRBV05-01
723,CASRVYRGGAGELFF,TCRBV06,TCRBV06-05
724,CASSLVFGETQYF,TCRBV07,TCRBV07-02
725,CASRQTGGLRNTIYF,TCRBV02,TCRBV02-01
726,CASSPPTDLKETQYF,TCRBV06,TCRBV06-06
727,CASML*TAWRE*KTYGYTF,TCRBV13,TCRBV13-01
728,CASSLSGGTYEQYF,TCRBV07,TCRBV07-02
729,CASSFHIRTSGSAAGTGELFF,TCRBV07,TCRBV07-08
730,CASSMTGGGEQYF,TCRBV19,TCRBV19-01
731,CASRGYNTGELFF,TCRBV06,TCRBV06-01
732,CASSRQIRNTEAFF,TCRBV14,TCRBV14-01
733,CASSIITGEHQPQHF,TCRBV19,TCRBV19-01
734,CASSLEQNSRVYGYTF,TCRBV07,TCRBV07-09
735,CASSLASAREQYF,TCRBV11,TCRBV11-02
736,CASPASSGNTIYF,TCRBV19,TCRBV19-01
737,CASS*RPIGGH*DTQYF,TCRBV07,TCRBV07-02
738,CASSNTKQPQHF,TCRBV21,TCRBV21-01
739,CASSIGGRTYEQYF,TCRBV19,TCRBV19-01
740,CASSFSLIEQFF,TCRBV07,TCRBV07-09
741,CASSSGG*VSTDTQYF,TCRBV27,TCRBV27-01
742,CASSPPPGNYGYTF,TCRBV18,TCRBV18-01
743,CASSKSGGARETQYF,TCRBV06,TCRBV06-05
744,CASSPGQGAMLSTEAFF,TCRBV18,TCRBV18-01
745,CATAQGQDTEAFF,TCRBV10,TCRBV10-03
746,CASSRRNTEAFF,TCRBV27,TCRBV27-01
747,CASSLRDLGD*RE*SSYEQYF,TCRBV07,TCRBV07-03
748,CASSSSGRNEQFF,TCRBV07,TCRBV07-03
749,CASSPGIAGETQYF,TCRBV12,TCRBV12-01
750,CASSLGPLAGATDTQYF,TCRBV05,TCRBV05-06
751,CASSLNGDLEAFF,TCRBV07,TCRBV07-02
752,CASSDLPPGRSHEKLFF,TCRBV06,TCRBV06-01
753,CASSIEAGGATQPQHF,TCRBV19,TCRBV19-01
754,CASSLQGKYYGYTF,TCRBV19,TCRBV19-01
755,CATIKGGLVSSYEQYF,TCRBV10,TCRBV10-03
756,CASSSHNTIYF,TCRBV06,TCRBV06-01
757,CASSEDAVSGANVLTF,TCRBV25,TCRBV25-01
758,CASRPRGGGSDTQYF,TCRBV19,TCRBV19-01
759,CASSFPHSGGALTDTQYF,TCRBV07,TCRBV07-02
760,CASSPRTSGGTTGELFF,TCRBV19,TCRBV19-01
761,CASSRQVNTEAFF,TCRBV02,TCRBV02-01
762,CASRGTGDRYTF,TCRBV06,TCRBV06-01
763,CASSQK*QQSRANVLTF,TCRBV11,TCRBV11-02
764,CSATSGYNEQFF,TCRBV29,TCRBV29-01
765,CASSFRGRETQYF,TCRBV07,TCRBV07-08
766,CASSSPGTSGYNEQFF,TCRBV07,TCRBV07-09
767,CASSQTCNGTGVYNEQFF,TCRBV23,TCRBV23-01
768,CASSGLAGDRETQYF,TCRBV06,TCRBV06-04
769,CASSGGGGKAFF,TCRBV25,TCRBV25-01
770,CASSEWIDVVGTHGYTF,TCRBV10,TCRBV10-02
771,CASSIDRTYEQYF,TCRBV19,TCRBV19-01
772,CASSWETGMVEAFF,TCRBV05,TCRBV05-01
773,CASSLYLGTTEAFF,TCRBV07,TCRBV07-09
774,CASSLRVGRGINEKLFF,TCRBV05,TCRBV05-01
775,CASSPQLPDRPSKYGYTF,TCRBV28,TCRBV28-01
776,CASSFPRDTGELFF,TCRBV07,TCRBV07-09
777,CASSQAGGHTGELFF,TCRBV14,TCRBV14-01
778,CASGLEFPAEAFF,TCRBV12,TCRBV12-05
779,CASSFYLTRGGNTEAFF,TCRBV07,TCRBV07-09
780,CASSRMRQGAKGYGYTF,TCRBV28,TCRBV28-01
781,CASSELRDLGGNTIYF,TCRBV02,TCRBV02-01
782,CASRKDLAGGRGEQFF,TCRBV02,TCRBV02-01
783,CASSLDRGATDTQYF,TCRBV07,TCRBV07-08
784,CASSFNSDLTEAFF,TCRBV07,TCRBV07-09
785,CASSISPRTGNTEAFF,TCRBV19,TCRBV19-01
786,CASSNSGFLGSGNTIYF,TCRBV28,TCRBV28-01
787,CASSLAWVSGANVLTF,TCRBV05,TCRBV05-06
788,CASSSSLAGLLQETQYF,TCRBV07,TCRBV07-09
789,CSARTGDTQYF,TCRBV20,TCRBV20-01
790,CASSYLSNTGELFF,TCRBV18,TCRBV18-01
791,CASSGGRPGNTIYF,TCRBV19,TCRBV19-01
792,CASSYREINTEAFF,TCRBV06,TCRBV06-06
793,CASSLFLTGIENTIYF,TCRBV07,TCRBV07-02
794,CASRPLLQQRKNIQYF,TCRBV21,TCRBV21-01
795,CASSPPSYNEQFF,TCRBV13,TCRBV13-01
796,CASSLLGQNTGELFF,TCRBV07,TCRBV07-09
797,CASNRGTGSEAFF,TCRBV06,TCRBV06-05
798,CSARVGDTQYF,TCRBV20,TCRBV20-01
799,CASSSADTQYF,TCRBV19,TCRBV19-01
800,CASSVGRERTGELFF,TCRBV09,TCRBV09-01
801,CASSPWSFGLAGVNTGELFF,TCRBV19,TCRBV19-01
802,CASSQELAPASQPQHF,TCRBV04,TCRBV04-01
803,CANTKRKQGGEDTIYF,TCRBV21,TCRBV21-01
804,CASSPGTDRNTIYF,TCRBV07,TCRBV07-02
805,CASRTGNTEAFF,TCRBV06,TCRBV06-05
806,CASTPFLGLGEKLFF,TCRBV05,TCRBV05-08
807,CASSPYSDGYYGYTF,TCRBV05,TCRBV05-01
808,CASSLAVRAGNTIYF,TCRBV05,TCRBV05-08
809,CASSYTHAGAGNTIYF,TCRBV06,TCRBV06-06
810,CASGLSYNEQFF,TCRBV12,TCRBV12-05
811,CAISEGAMNTEAFF,TCRBV10,TCRBV10-03
812,CASRLADRGHEKLFF,TCRBV12,TCRBV12-02
813,CASSIGGGANEKLFF,TCRBV19,TCRBV19-01
814,CASSLGGGAGDTQYF,TCRBV07,TCRBV07-08
815,CASRMVEGASNQPQHF,TCRBV19,TCRBV19-01
816,CASSPYSDGYYGYTF,TCRBV05,TCRBV05-01
817,CASSPQNYGYTF,TCRBV18,TCRBV18-01
818,CASRGGYSGNTIYF,TCRBV05,TCRBV05-01
819,CASRGQGTGNTIYF,TCRBV28,TCRBV28-01
820,CASSPQLAGGVTQYF,TCRBV07,TCRBV07-02
821,CASSPETVGTEAFF,TCRBV18,TCRBV18-01
822,CASSENYGYTF,TCRBV06,TCRBV06-01
823,CASSGSSGSPIYNEQFF,TCRBV09,TCRBV09-01
824,CASSLGRGTDTQYF,TCRBV07,TCRBV07-08
825,CASSLTRGRVESGELFF,TCRBV07,TCRBV07-03
826,CASSFRREGRTGELFF,TCRBV05,TCRBV05-08
827,CASSSWEDRGGEKLFF,TCRBV19,TCRBV19-01
828,CASSLSRIGTGNRNTIYF,TCRBV07,TCRBV07-02
829,CASSVLSPNEQFF,TCRBV09,TCRBV09-01
830,CASSQDLRVQPTQYF,TCRBV04,TCRBV04-02
831,CASSIPAGAGTDTQYF,TCRBV19,TCRBV19-01
832,CASSVGGAGNTIYF,TCRBV09,TCRBV09-01
833,CASSPQGQAGYNEQFF,TCRBV07,TCRBV07-02
834,CASSGRQGSGTGELFF,TCRBV05,TCRBV05-06
835,CAISEYRGNTEAFF,TCRBV10,TCRBV10-03
836,CASSLGAGAYEQYF,TCRBV11,TCRBV11-02
837,CASSTRTGDTQYF,TCRBV19,TCRBV19-01
838,CASTSGSEQYF,TCRBV05,TCRBV05-01
839,CASSRARVASYEQYF,TCRBV05,TCRBV05-05
840,CASWGGNEQFF,TCRBV19,TCRBV19-01
841,CASSGTGRADTQYF,TCRBV10,TCRBV10-01
842,CSVALWGGEQYF,TCRBV29,TCRBV29-01
843,CASSLVGQEYPGELFF,TCRBV05,TCRBV05-01
844,CASGSGQEMGYGYTF,TCRBV12,TCRBV12-05
845,CATSRDLQGAWDYGYTF,TCRBV15,TCRBV15-01
846,CASKGLAGAGDTQYF,TCRBV02,TCRBV02-01
847,CASSRGGTSYNEQFF,TCRBV11,TCRBV11-02
848,CASSGTGGTEAFF,TCRBV25,TCRBV25-01
849,CASRYTRGYSNQPQHF,TCRBV28,TCRBV28-01
850,CASSLATPLAGLYEQYF,TCRBV05,TCRBV05-05
851,CASSLRGTGNPSGNTIYF,TCRBV07,TCRBV07-09
852,CAWTAGSYSPLHF,TCRBV30,TCRBV30-01
853,CASSLGTGGNSPLHF,TCRBV27,TCRBV27-01
854,CASSQGPGALQETQYF,TCRBV14,TCRBV14-01
855,CASSTRTGDTQYF,TCRBV19,TCRBV19-01
856,CASSERTSGRGDTQYF,TCRBV25,TCRBV25-01
857,CASSTLPPDTQYF,TCRBV07,TCRBV07-09
858,CASISGASGGTGELFF,TCRBV19,TCRBV19-01
859,CASSIPRTGGTGELFF,TCRBV19,TCRBV19-01
860,CASSVGSTHPRTEAFF,TCRBV09,TCRBV09-01
861,CASSREANTEAFF,TCRBV05,TCRBV05-01
862,CASSPWGLANEKLFF,TCRBV11,TCRBV11-02
863,CASSLDGSTNEKLFF,TCRBV28,TCRBV28-01
864,CARSPPLDRGKNIQYF,TCRBV07,TCRBV07-05
865,CASSVQNMNNEQFF,TCRBV06,TCRBV06-01
866,CASSGSGGWLAFF,TCRBV10,TCRBV10-02
867,CASS*LAGSYEQYF,TCRBV07,TCRBV07-02
868,CASSLDAGPYEQYF,TCRBV05,TCRBV05-01
869,CSASRTRADF,TCRBV20,TCRBV20-01
870,CASSHVTSNYNEQFF,TCRBV14,TCRBV14-01
871,CASSLTGFSDTQYF,TCRBV05,TCRBV05-06
872,CASSKRTSGGADTQYF,TCRBV21,TCRBV21-01
873,CASSSSRDRGHGTGELFF,TCRBV07,TCRBV07-02
874,CASSPRRQSVSYEQYF,TCRBV09,TCRBV09-01
875,CAWGTAAKNIQYF,TCRBV30,TCRBV30-01
876,CASSPRGIPPGELFF,TCRBV11,TCRBV11-03
877,CASLRDGYGNEQFF,TCRBV02,TCRBV02-01
878,CASSPSRTSGYDNEQFF,TCRBV04,TCRBV04-01
879,CASSLGGSVYEQYF,TCRBV07,TCRBV07-02
880,CASSYPGIQETQYF,TCRBV06,TCRBV06-06
881,CASSLLGLAGADTQYF,TCRBV07,TCRBV07-03
882,CASSLIVSDTQYF,TCRBV07,TCRBV07-06
883,CASSLAGMPPDTQYF,TCRBV07,TCRBV07-02
884,CASSLELAGGHTQYF,TCRBV07,TCRBV07-02
885,CASSVEGGTPFWTQYF,TCRBV09,TCRBV09-01
886,CASSSDLRTARANEKLFF,TCRBV28,TCRBV28-01
887,CASSLLPGQGKEKLFF,TCRBV05,TCRBV05-05
888,CASSLRVGRGINEKLLF,TCRBV05,TCRBV05-01
889,CASSPQNYGYTF,TCRBV18,TCRBV18-01
890,CASSLGASDTF,TCRBV05,TCRBV05-05
891,CASSLAGRAVYNSPLHF,TCRBV07,TCRBV07-02
892,CASSLD*G*RGYNEQFF,TCRBV11,TCRBV11-02
893,CASSDGGSYNEQFF,TCRBV06,TCRBV06-04
894,CASSIDRGETQYF,TCRBV19,TCRBV19-01
895,CAISLTSGRPIEIADTQYF,TCRBV10,TCRBV10-03
896,CSVAASTDTQYF,TCRBV29,TCRBV29-01
897,CASRDKARTEAFF,TCRBV07,TCRBV07-07
898,CASSTGLAGAYSYEQYF,TCRBV05,TCRBV05-01
899,CASSIRGTSYEQYF,TCRBV05,TCRBV05-06
900,CASSYSAGSPYEQYF,TCRBV06,TCRBV06-06
901,CASSLASGSNQYF,TCRBV05,TCRBV05-04
902,CASSRGGLAGETYEQYF,TCRBV19,TCRBV19-01
903,CSVAGGSSTDTQYF,TCRBV29,TCRBV29-01
904,CATSRDPGLNTDTQYF,TCRBV15,TCRBV15-01
905,CASSVEGGTPFWTQYF,TCRBV09,TCRBV09-01
906,CASSPRGFYYGYTF,TCRBV07,TCRBV07-09
907,CASSRLGGGDRYEQYF,TCRBV07,TCRBV07-02
908,CASSYRGGRPYEQYF,TCRBV06,TCRBV06-05
909,CASSFPYMSPSRDTIYF,TCRBV21,TCRBV21-01
910,CAISDRGHSPLHF,TCRBV10,TCRBV10-03
911,CASSPALGGQETQYF,TCRBV19,TCRBV19-01
912,CASSSGPGTEAFF,TCRBV05,TCRBV05-01
913,CASRKGQGEKNTEAFF,TCRBV19,TCRBV19-01
914,CASSLQGEKLFF,TCRBV07,TCRBV07-09
915,CASSQAGATNEKLFF,TCRBV07,TCRBV07-09
916,CASSSYQAGGAYEQYF,TCRBV05,TCRBV05-01
917,CASSPREENSPLHF,TCRBV06,TCRBV06-05
918,CASSLGAGANIEQFF,TCRBV07,TCRBV07-02
919,CASSSPPNRETQYF,TCRBV07,TCRBV07-02
920,CASSIGHRGGYQETQYF,TCRBV19,TCRBV19-01
921,CASSLTASGGRLGDTQYF,TCRBV18,TCRBV18-01
922,CASSKVGRARFDTDTQYF,TCRBV21,TCRBV21-01
923,CASSYFVDEKLFF,TCRBV06,TCRBV06-05
924,CASSYLQGQPQHF,TCRBV06,TCRBV06-09
925,CASSYFPDYEQYF,TCRBV06,TCRBV06-05
926,CASSSSKWREQYF,TCRBV06,TCRBV06-06
927,CASSLKLKGSGANVLTF,TCRBV05,TCRBV05-01
928,CASSQRTSIGTDTQYF,TCRBV04,TCRBV04-03
929,CASRWTGLSTDTQYF,TCRBV06,TCRBV06-01
930,CASSPHWGQVGKAFF,TCRBV06,TCRBV06-09
931,CASRGRRRGEAFF,TCRBV06,TCRBV06-01
932,CAWSADGRGTEAFF,TCRBV30,TCRBV30-01
933,CASSAMGANYGYTF,TCRBV05,TCRBV05-01
934,CAWSVHLAGNQPQHF,TCRBV30,TCRBV30-01
935,CASSSRDSSYEQYF,TCRBV18,TCRBV18-01
936,CSVVKLNYGYTF,TCRBV29,TCRBV29-01
937,CSVPGRGGYTF,TCRBV29,TCRBV29-01
938,CSVATETSYEQYF,TCRBV29,TCRBV29-01
939,CAWSVVGGETQYF,TCRBV30,TCRBV30-01
940,CSAEREQGEKLFF,TCRBV29,TCRBV29-01
941,CASSQTGRGFSGYTF,TCRBV23,TCRBV23-01
942,CAWSRFGVGGEQYF,TCRBV30,TCRBV30-01
943,CASSYSKSYEQYF,TCRBV06,TCRBV06-05
944,CAWSVSRNEQYF,TCRBV30,TCRBV30-01
945,CASSLAPRDYTF,TCRBV07,TCRBV07-09
946,CAWSFLGLAGGREQFF,TCRBV30,TCRBV30-01
947,CAWSRDSRTDTQYF,TCRBV30,TCRBV30-01
948,CASSLAQQSYEQYF,TCRBV05,TCRBV05-06
949,CASRDSTNYGYTF,TCRBV06,TCRBV06-06
950,CASSQGTASQGRGEKLFF,TCRBV04,TCRBV04-01
951,CASSLTQGQGGYEQYF,TCRBV04,TCRBV04-01
952,CASSFVTTYEQYF,TCRBV05,TCRBV05-06
953,CASSYDRGNQPQHF,TCRBV06,TCRBV06-06
954,CAWTQPATNEKLFF,TCRBV30,TCRBV30-01
955,CSSRRFMNTEAFF,TCRBV29,TCRBV29-01
956,CASSLRQYQPQHF,TCRBV06,TCRBV06-05
957,CASSEVGGEQYF,TCRBV06,TCRBV06-01
958,CASSESRLIREQYF,TCRBV25,TCRBV25-01
959,CASSRGWSYEQYF,TCRBV28,TCRBV28-01
960,CASSFTGTGGNEQYF,TCRBV07,TCRBV07-07
961,CASRIEMGQGYEQYF,TCRBV07,TCRBV07-03
962,CASSPTPSRSYGYTF,TCRBV06,TCRBV06-06
963,CASSYGTSGGYEQYF,TCRBV06,TCRBV06-05
964,CASSPTAGGYNEQFF,TCRBV27,TCRBV27-01
965,CASSPFTGAHEQYF,TCRBV27,TCRBV27-01
966,CASSLEWRGRGSYNSPLHF,TCRBV05,TCRBV05-01
967,CASSSGQGGPQHF,TCRBV05,TCRBV05-01
968,CASSELTGTGASEQYF,TCRBV05,TCRBV05-01
969,CAWTPARTGINTGELFF,TCRBV30,TCRBV30-01
970,CASRELAGGPGEQYF,TCRBV02,TCRBV02-01
971,CASTLTSTGNYGYTF,TCRBV06,TCRBV06-01
972,CASSFTLAGGSSYEQYF,TCRBV05,TCRBV05-01
973,CASSPIGGIRVF,TCRBV05,TCRBV05-01
974,CASHPGTFNSPLHF,TCRBV06,TCRBV06-05
975,CASSRD*RFYEQYF,TCRBV05,TCRBV05-06
976,CASSYSLAGDSKQYF,TCRBV06,TCRBV06-06
977,CSVEALRGESTDTQYF,TCRBV29,TCRBV29-01
978,CASTFSGQGHAYGYTF,TCRBV27,TCRBV27-01
979,CASSPTGVGGYTF,TCRBV27,TCRBV27-01
980,CASSEGPSYEQYF,TCRBV05,TCRBV05-06
981,CASSQLTGTQYF,TCRBV19,TCRBV19-01
982,CASSLGGRTGELFF,TCRBV05,TCRBV05-06
983,CSVSSGPHEAFF,TCRBV29,TCRBV29-01
984,CASSYFGTGGLRGYTF,TCRBV06,TCRBV06-05
985,CASSSGQGDGYTF,TCRBV05,TCRBV05-01
986,CASSATSTGFQAQYF,TCRBV02,TCRBV02-01
987,CASRADRANQPQHF,TCRBV06,TCRBV06-06
988,CASGAGHNQPQHF,TCRBV10,TCRBV10-02
989,CASSPSTARGKGYTF,TCRBV14,TCRBV14-01
990,CASSLAGTGSYEQYF,TCRBV05,TCRBV05-04
991,CAFLGTGTGFFNEQFF,TCRBV30,TCRBV30-01
992,CASSLPETGPNSPLHF,TCRBV05,TCRBV05-01
993,CASSYGGNSYEQYF,TCRBV06,TCRBV06-06
994,CAWRMMNTEAFF,TCRBV30,TCRBV30-01
995,CASSEGSSSLRTQHF,TCRBV06,TCRBV06-01
996,CASSLGPSQGRSYEQYF,TCRBV07,TCRBV07-02
997,CASRPGAVYGYTF,TCRBV06,TCRBV06-05
998,CASSLGLAGGSSYEQYF,TCRBV05,TCRBV05-04
999,CASSNRDRLNSPLHF,TCRBV19,TCRBV19-01
1000,CASSEAGASYEQYF,TCRBV06,TCRBV06-01
1001,CASSSPPSPVYGYTF,TCRBV07,TCRBV07-02
1002,CASSLGGQDYGYTF,TCRBV07,TCRBV07-09
1003,CASSFSLARRYEQYF,TCRBV07,TCRBV07-02
1004,CASTGLSPYEQYF,TCRBV28,TCRBV28-01
1005,CASSIDGTGGLEQYF,TCRBV19,TCRBV19-01
1006,CASLERSWRSEAFF,TCRBV06,TCRBV06-05
1007,CASSFSGLTEAFF,TCRBV27,TCRBV27-01
1008,CASSLAGTGYQPQHF,TCRBV05,TCRBV05-06
1009,CASSFALSNGYTF,TCRBV28,TCRBV28-01
1010,CASSVGWGVLSYEQYF,TCRBV09,TCRBV09-01
1011,CASSEVRQGNYGYTF,TCRBV06,TCRBV06-01
1012,CASSLGFGEQYF,TCRBV07,TCRBV07-03
1013,CASSLGLGASYTF,TCRBV27,TCRBV27-01
1014,CASSFGTGGTDTQYF,TCRBV27,TCRBV27-01
1015,CASNEDSQIYGYTF,TCRBV06,TCRBV06-06
1016,CASSLQGSDYGYTF,TCRBV05,TCRBV05-04
1017,CASSVDPRGDNSPLHF,TCRBV09,TCRBV09-01
1018,CASSPVMGEKLFF,TCRBV19,TCRBV19-01
1019,CASTGQGAYEQYF,TCRBV19,TCRBV19-01
1020,CASSLESRADTQYF,TCRBV05,TCRBV05-01
1021,CATSRVGDNTGELFF,TCRBV15,TCRBV15-01
1022,CASSAREMGYEQYF,TCRBV07,TCRBV07-08
1023,CASSLETYEQYF,TCRBV07,TCRBV07-09
1024,CASSSYRTSVSTDTQYF,TCRBV27,TCRBV27-01
1025,CASTQGLAGVEQYF,TCRBV07,TCRBV07-02
1026,CASSLSWDREHEQYF,TCRBV07,TCRBV07-02
1027,CASSLLTPSGGYSYNEQFF,TCRBV05,TCRBV05-01
1028,CASSLGTGFYQPQHF,TCRBV05,TCRBV05-01
1029,CAGSGFQVPYEQYF,TCRBV30,TCRBV30-01
1030,CASSLASTDTQYF,TCRBV05,TCRBV05-06
1031,CASSISGTETGYTF,TCRBV07,TCRBV07-02
1032,CASSVDRYYGYTF,TCRBV09,TCRBV09-01
1033,CASRDTGHYGYTF,TCRBV06,TCRBV06-01
1034,CASSQSYRMGDEQFF,TCRBV23,TCRBV23-01
1035,CASSRSQGGFTDTQYF,TCRBV04,TCRBV04-02
1036,CASSETPRITYGYTF,TCRBV02,TCRBV02-01
1037,CASSLLGSGSYEQYF,TCRBV05,TCRBV05-08
1038,CAWSSGGGLAGGAKNIQYF,TCRBV30,TCRBV30-01
1039,CASSLQIGWTSGRGETQYF,TCRBV07,TCRBV07-09
1040,CASSSWTRNTEAFF,TCRBV06,TCRBV06-05
1041,CASSLQGEKLFF,TCRBV05,TCRBV05-01
1042,CAISGGATSGYEQYF,TCRBV10,TCRBV10-03
1043,CASLGTLPPQHF,TCRBV19,TCRBV19-01
1044,CASSPSGGYEQYF,TCRBV18,TCRBV18-01
1045,CASSLLTPNTEAFF,TCRBV06,TCRBV06-05
1046,CASSVELGTEQYF,TCRBV09,TCRBV09-01
1047,CASSWTAGNTIYF,TCRBV13,TCRBV13-01
1048,CASSVERGANNEQFF,TCRBV06,TCRBV06-01
1049,CASSVRQGRETQYF,TCRBV07,TCRBV07-09
1050,CASSFGLAQQETQYF,TCRBV05,TCRBV05-06
1051,CASSLWLAGTGELFF,TCRBV07,TCRBV07-09
1052,CASSLTNDEKLFF,TCRBV05,TCRBV05-01
1053,CASGSGTGPYSNQPQHF,TCRBV12,TCRBV12-05
1054,CASSLGGTGAYEQYF,TCRBV07,TCRBV07-02
1055,CASSLAFGLAANYEQYF,TCRBV07,TCRBV07-02
1056,CASSIFGTGAHEQYF,TCRBV19,TCRBV19-01
1057,CSAEWNTEAFF,TCRBV20,TCRBV20-01
1058,CASWGGPSYEQYF,TCRBV28,TCRBV28-01
1059,CASSPLSTSGHNEQFF,TCRBV07,TCRBV07-03
1060,CASSLKLLSTDTQYF,TCRBV05,TCRBV05-01
1061,CASMVVGGELFF,TCRBV06,TCRBV06-05
1062,CASSPTRDRGPNTGELFF,TCRBV19,TCRBV19-01
1063,CASSEATNTGELFF,TCRBV02,TCRBV02-01
1064,CASSEWGAEAFF,TCRBV06,TCRBV06-01
1065,CASSLEPNTEAFF,TCRBV05,TCRBV05-01
1066,CASSLEGWVSCNQPQHF,TCRBV25,TCRBV25-01
1067,CASSLDSHGGYGYTF,TCRBV07,TCRBV07-02
1068,CASSLGAGLDFDTQYF,TCRBV05,TCRBV05-04
1069,CASSPAGTGYPYEQYF,TCRBV18,TCRBV18-01
1070,CASSLTAEVAAFF,TCRBV05,TCRBV05-06
1071,CASSSDITGLNTEAFF,TCRBV05,TCRBV05-04
1072,CASSIWGEGYNSPLHF,TCRBV19,TCRBV19-01
1073,CASSYSRGNQPQHF,TCRBV06,TCRBV06-05
1074,CASSIPRAVDTQYF,TCRBV19,TCRBV19-01
1075,CASSLEGRGKATEAFF,TCRBV05,TCRBV05-01
1076,CASSLVPSTEQYF,TCRBV11,TCRBV11-02
1077,CASSTHTSSSYNSPLHF,TCRBV05,TCRBV05-01
1078,CASSSSPYNEQFF,TCRBV27,TCRBV27-01
1079,CASSLGDRSYEQYF,TCRBV07,TCRBV07-09
1080,CASSTPRGGSNTEAFF,TCRBV19,TCRBV19-01
1081,CASSTHRGSSNQPQHF,TCRBV19,TCRBV19-01
1082,CASRQGGPGNTIYF,TCRBV28,TCRBV28-01
1083,CASSPTSGTGNNEQFF,TCRBV27,TCRBV27-01
1084,CASSLGLAGADTQYF,TCRBV05,TCRBV05-06
1085,CASSRKIIQGREAFF,TCRBV19,TCRBV19-01
1086,CASSRTHPAYEQYF,TCRBV19,TCRBV19-01
1087,CASSLLTSGPGEQYF,TCRBV11,TCRBV11-02
1088,CASSRQLVPQSRANVLTF,TCRBV07,TCRBV07-07
1089,CASSLSSLGQYF,TCRBV07,TCRBV07-02
1090,CASSVVAGNTDTQYF,TCRBV09,TCRBV09-01
1091,CASSQEWGTGELFF,TCRBV04,TCRBV04-01
1092,CASSTNPGQGGQPQHF,TCRBV19,TCRBV19-01
1093,CAITGTDDPGKYF,TCRBV10,TCRBV10-03
1094,CASSSQGTGNTIYF,TCRBV05,TCRBV05-01
1095,CASSNRDRPYQLHF,TCRBV19,TCRBV19-01
1096,CASSQLAGGKTQETQYF,TCRBV02,TCRBV02-01
1097,CASSTRTSGGALDTQYF,TCRBV05,TCRBV05-01
1098,CASSDSVSSGRVGDTQYF,TCRBV25,TCRBV25-01
1099,CASSDLAGGDNEQFF,TCRBV09,TCRBV09-01
1100,CASSVDRGQTQYF,TCRBV09,TCRBV09-01
1101,CASSDLADTQYF,TCRBV02,TCRBV02-01
1102,CASSYSGHPTGELFF,TCRBV06,TCRBV06-05
1103,CASSPWTANTGELFF,TCRBV18,TCRBV18-01
1104,CASSFPGQGHEKLFF,TCRBV05,TCRBV05-06
1105,CASSPDRKVRYGYTF,TCRBV18,TCRBV18-01
1106,CASSFRAGRKLFF,TCRBV28,TCRBV28-01
1107,CASHVQGGTSQPQHF,TCRBV06,TCRBV06-01
1108,CASSLQAINEKLFF,TCRBV05,TCRBV05-01
1109,CASRTPGTVKNQPQHF,TCRBV19,TCRBV19-01
1110,CASSPDRKVRYGYTF,TCRBV18,TCRBV18-01
1111,CASSLMRGIYNEQFF,TCRBV06,TCRBV06-05
1112,CASSYGSDSSYNEQFF,TCRBV06,TCRBV06-05
1113,CATSRDRMGGVAGDKFF,TCRBV15,TCRBV15-01
1114,CSARVSDTQYF,TCRBV20,TCRBV20-01
1115,CASSIDGTGGQPQHF,TCRBV19,TCRBV19-01
1116,CASSFSAGSSYEQYF,TCRBV07,TCRBV07-02
1117,CASSEDRDIPSYEQYF,TCRBV06,TCRBV06-01
1118,CASSGTENNEQFF,TCRBV04,TCRBV04-02
1119,CASSPRRGGLGTQYF,TCRBV13,TCRBV13-01
1120,CASSELAGLWETQYF,TCRBV02,TCRBV02-01
1121,CASSKGDSLNYGYTF,TCRBV21,TCRBV21-01
1122,CASKTGVSYEQYF,TCRBV06,TCRBV06-05
1123,CSARDHLAVYF,TCRBV20,TCRBV20-01
1124,CASSIDRGQETQYF,TCRBV07,TCRBV07-02
1125,CASTGTGGSADTQYF,TCRBV06,TCRBV06-01
1126,CATPTSDTDTQYF,TCRBV07,TCRBV07-09
1127,CASSLDNRSS*GF,TCRBV10,TCRBV10-02
1128,CASRDYSARQPQHF,TCRBV28,TCRBV28-01
1129,CASSLGILAGVYEQYF,TCRBV28,TCRBV28-01
1130,CASSYGWGETQYF,TCRBV06,TCRBV06-05
1131,CASRNNRQATEAFF,TCRBV06,TCRBV06-06
1132,CAGRSGNGYTF,TCRBV19,TCRBV19-01
1133,CASSLYYSGTGGAYNEQFF,TCRBV05,TCRBV05-06
1134,CASSIGTSTDTQYF,TCRBV05,TCRBV05-01
1135,CASSQMGGLRTEAFF,TCRBV19,TCRBV19-01
1136,CASSILGTGGVNTEAFF,TCRBV19,TCRBV19-01
1137,CATRSITGSSYNEQFF,TCRBV19,TCRBV19-01
1138,CASSLRDAAYNEQFF,TCRBV06,TCRBV06-01
1139,CASSLDTGELFF,TCRBV07,TCRBV07-09
1140,CASSLLRGAYDGYTF,TCRBV07,TCRBV07-02
1141,CASSITGNTIYF,TCRBV19,TCRBV19-01
1142,CASRHTGTGGNEQFF,TCRBV28,TCRBV28-01
1143,CASRLTNEQFF,TCRBV07,TCRBV07-02
1144,CASSDGGTETQYF,TCRBV18,TCRBV18-01
1145,CASSFRAGLNTEAFF,TCRBV05,TCRBV05-01
1146,CASSFDRGTRRTRETQYF,TCRBV05,TCRBV05-08
1147,CASSSPGQGRQETQYF,TCRBV28,TCRBV28-01
1148,CASSPGTGFTDTQYF,TCRBV18,TCRBV18-01
1149,CASSIYWTAGRTEAFF,TCRBV05,TCRBV05-01
1150,CASSPTGNMNTEAFF,TCRBV18,TCRBV18-01
1151,CASSFEQGGNYGYTF,TCRBV28,TCRBV28-01
1152,CASRIQGEGHGEQFF,TCRBV19,TCRBV19-01
1153,CASRSSGNTYNEQFF,TCRBV05,TCRBV05-01
1154,CAISPRQGGNTEAFF,TCRBV10,TCRBV10-03
1155,CASSFNRGLAKNIQYF,TCRBV05,TCRBV05-04
1156,CASRPDRGEADTQYF,TCRBV06,TCRBV06-01
1157,CASSPGSHRTGELFF,TCRBV10,TCRBV10-01
1158,CASSSTGFAEAFF,TCRBV18,TCRBV18-01
1159,CASSLASSGSVTDTQYF,TCRBV05,TCRBV05-01
1160,CASRDREGTDTQYF,TCRBV05,TCRBV05-01
1161,CASSPGSYNEQFF,TCRBV06,TCRBV06-05
1162,CATSKLPGLAGITDTQYF,TCRBV15,TCRBV15-01
1163,CASSWGGANTGELFF,TCRBV07,TCRBV07-02
1164,CASSHTTGETAEAFF,TCRBV28,TCRBV28-01
1165,CASSFGRDTEAFF,TCRBV07,TCRBV07-09
1166,CASRYSGHPYGYTF,TCRBV06,TCRBV06-05
1167,CASSLTGGHYGYTF,TCRBV05,TCRBV05-01
1168,CASRARQGGGYTF,TCRBV19,TCRBV19-01
1169,CASSKEEKN*REMGSYEQYF,TCRBV21,TCRBV21-01
1170,CASSASSGHSGNTIYF,TCRBV09,TCRBV09-01
1171,CASSLVAGGETQYF,TCRBV07,TCRBV07-02
1172,CASSYGRTDTQYF,TCRBV06,TCRBV06-05
1173,CASSEMGWVQFF,TCRBV10,TCRBV10-02
1174,CASSYASETQYF,TCRBV06,TCRBV06-06
1175,CASTRGNRGETQYF,TCRBV06,TCRBV06-01
1176,CASSLAGVTDTQYF,TCRBV07,TCRBV07-02
1177,CASIGQGAVCTGELFF,TCRBV06,TCRBV06-04
1178,CVIRPGQDYNEQFF,TCRBV10,TCRBV10-03
1179,CASSLGDRGRQETQYF,TCRBV07,TCRBV07-02
1180,CASSLGPQETQYF,TCRBV07,TCRBV07-09
1181,CASSFMGTGGTDTQYF,TCRBV07,TCRBV07-02
1182,CASLK*PPT*STGELFF,TCRBV12,TCRBV12-05
1183,CASSLRMNTEAFF,TCRBV05,TCRBV05-01
1184,CASSRRGTSSYNEQFF,TCRBV05,TCRBV05-04
1185,CASSLNENNEQFF,TCRBV07,TCRBV07-03
1186,CASSLNRGKQFF,TCRBV11,TCRBV11-01
1187,CASSLQVAETQYF,TCRBV11,TCRBV11-02
1188,CASSYDSFNEKLFF,TCRBV05,TCRBV05-01
1189,CASSQERRGPGDRSYEQYF,TCRBV14,TCRBV14-01
1190,CASSFGGSGNTIYF,TCRBV27,TCRBV27-01
1191,CASSFGSYNEQFF,TCRBV07,TCRBV07-08
1192,CASSLERGGWDTQYF,TCRBV06,TCRBV06-01
1193,CASSWRTSGLMTDTQYF,TCRBV07,TCRBV07-02
1194,CASSLALAGGLEQYF,TCRBV07,TCRBV07-02
1195,CASSQPWGGYEQYF,TCRBV23,TCRBV23-01
1196,CASSLSGGYYEQYF,TCRBV27,TCRBV27-01
1197,CASSGGGPKNIQYF,TCRBV25,TCRBV25-01
1198,CASSSPGLAGPPSSYNEQFF,TCRBV28,TCRBV28-01
1199,CASSQSVQIWLGQGAQSSYNEQFF,TCRBV23,TCRBV23-01
1200,CASSESTPGNLGTQYF,TCRBV10,TCRBV10-01
1201,CASSVYWTAHQETQYF,TCRBV09,TCRBV09-01
1202,CASSFGVNTGELFF,TCRBV11,TCRBV11-03
1203,CASSLARTTYNEQFF,TCRBV07,TCRBV07-02
1204,CASRASGSSGEQFF,TCRBV06,TCRBV06-05
1205,CASSPLPGETQYF,TCRBV18,TCRBV18-01
1206,CARTRF*QYPTPTDTQYF,TCRBV28,TCRBV28-01
1207,CATGRVGMNTEAFF,TCRBV10,TCRBV10-03
1208,CASSFARDQETQYF,TCRBV07,TCRBV07-02
1209,CASSDTGTFTDTQYF,TCRBV10,TCRBV10-01
1210,CASSILQVTSTDTQYF,TCRBV19,TCRBV19-01
1211,CASSKAGTVNTGELFF,TCRBV05,TCRBV05-01
1212,CASSPMMGFQETQYF,TCRBV05,TCRBV05-04
1213,CAWSGQVQETQYF,TCRBV30,TCRBV30-01
1214,CASKGASGDTDTQYF,TCRBV19,TCRBV19-01
1215,CASSFSRGYGYTF,TCRBV07,TCRBV07-09
1216,CASSFHSQETQYF,TCRBV07,TCRBV07-09
1217,CASSLNLASNLAKNIQYF,TCRBV07,TCRBV07-09
1218,CASSLVYAALSEAFF,TCRBV05,TCRBV05-05
1219,CASSKEAPTDGGAMNTEAFF,TCRBV21,TCRBV21-01
1220,CAISESGRDYGYTF,TCRBV10,TCRBV10-03
1221,CASSRNRDRGGSSYEQYF,TCRBV05,TCRBV05-04
1222,CASRKTRIEEDTQYF,TCRBV28,TCRBV28-01
1223,CASSLEAGGKAFF,TCRBV07,TCRBV07-02
1224,CASSNEYLGYTF,TCRBV05,TCRBV05-04
1225,CASSDEWGVYEQYF,TCRBV02,TCRBV02-01
1226,CASSLSGGGNIQYF,TCRBV28,TCRBV28-01
1227,CASSYQGVETQYF,TCRBV06,TCRBV06-05
1228,CASSGVAGIQETQYF,TCRBV02,TCRBV02-01
1229,CASSEVGGEQYF,TCRBV06,TCRBV06-05
1230,CASSPRRAGANVLTF,TCRBV09,TCRBV09-01
1231,CASSLANNEQFF,TCRBV05,TCRBV05-05
1232,CAISQTRGGLNGELFF,TCRBV10,TCRBV10-03
1233,CASSFPGQGHEKLFF,TCRBV05,TCRBV05-06
1234,CASSQGSGGEKLFF,TCRBV04,TCRBV04-01
1235,CASSERPWLAGGPPSEQFF,TCRBV07,TCRBV07-06
1236,CASSERATSGRYNEQFF,TCRBV06,TCRBV06-01
1237,CASTPYGGMSTEAFF,TCRBV27,TCRBV27-01
1238,CASSRLRNTEAFF,TCRBV05,TCRBV05-05
1239,CASSLQAINEKLFF,TCRBV05,TCRBV05-01
1240,CASSIERSHLNQPQHF,TCRBV19,TCRBV19-01
1241,CASRYSGHPYDYTF,TCRBV06,TCRBV06-05
1242,CASSPPGGGGETQYF,TCRBV11,TCRBV11-02
1243,CASSPF*RGRPDTQYF,TCRBV07,TCRBV07-02
1244,CASRTGQNYGYTF,TCRBV04,TCRBV04-02
1245,CASSEAWGTGRSGNTIYF,TCRBV06,TCRBV06-01
1246,CASSLGGTGNTIYF,TCRBV05,TCRBV05-04
1247,CASSPGVFNEQFF,TCRBV05,TCRBV05-05
1248,CASSLTGGSYNEQFF,TCRBV14,TCRBV14-01
1249,CASSVRLQETQYF,TCRBV19,TCRBV19-01
1250,CASSLVGGPTDTQYF,TCRBV07,TCRBV07-02
1251,CASSRDRGSEAFF,TCRBV19,TCRBV19-01
1252,CASSREYNEQFF,TCRBV18,TCRBV18-01
1253,CASSRDRFSGNEQFF,TCRBV07,TCRBV07-03
1254,CASSIGDREGETQYF,TCRBV19,TCRBV19-01
1255,CASSGSPANTEAFF,TCRBV06,TCRBV06-06
1256,CAWSADGRGTEAFF,TCRBV30,TCRBV30-01
1257,CASRADRANQPQHF,TCRBV06,TCRBV06-05
1258,CASSLGGQDYGYTF,TCRBV11,TCRBV11-01
1259,CASSLSMPGGYEQYF,TCRBV28,TCRBV28-01
1260,CASSFDSYNEQFF,TCRBV11,TCRBV11-03
1261,CASSPLDRYNEQFF,TCRBV07,TCRBV07-02
1262,CASSFLVETQYF,TCRBV02,TCRBV02-01
1263,CASSLVAGLETQYF,TCRBV05,TCRBV05-06
1264,CASSKLAGGWTDTQYF,TCRBV14,TCRBV14-01
1265,CASSLDRGTDTQYF,TCRBV11,TCRBV11-02
1266,CASSYGLSGGAYTDTQYF,TCRBV07,TCRBV07-02
1267,CASSPVAQGGELFF,TCRBV27,TCRBV27-01
1268,CASSPPAGGNGELFF,TCRBV18,TCRBV18-01
1269,CASSPPYRTEAFF,TCRBV05,TCRBV05-05
1270,CASSLAGAAEKLFF,TCRBV07,TCRBV07-09
1271,CASSYGTSGGYEQYF,TCRBV06,TCRBV06-06
1272,CASSFGTSGYEQYF,TCRBV06,TCRBV06-06
1273,CASSLAGTGSYEQYF,TCRBV04,TCRBV04-02
1274,CASSYSKSYEQYF,TCRBV06,TCRBV06-06
1275,CASSERVTYEQYF,TCRBV10,TCRBV10-01
1276,CASSEWDYEQYF,TCRBV25,TCRBV25-01
1277,CASSIGGGYEQFF,TCRBV19,TCRBV19-01
1278,CASSPQLAGGVTQYF,TCRBV11,TCRBV11-02
1279,CASSYASETQYF,TCRBV06,TCRBV06-08
1280,CASSYGWGETQYF,TCRBV06,TCRBV06-09
1281,CASSPR*IRQGKETQYF,TCRBV23,TCRBV23-01
1282,CSAGVGELFF,TCRBV20,TCRBV20-01
1283,CASMAYTNTGELFF,TCRBV02,TCRBV02-01
1284,CAWSYSGQFYGYTF,TCRBV30,TCRBV30-01
1285,CAWNVNYGYTF,TCRBV30,TCRBV30-01
1286,CASVVNYGYTF,TCRBV30,TCRBV30-01
1287,CAGVRDSYSYEQYF,TCRBV30,TCRBV30-01
1288,CAWRSYGYTF,TCRBV30,TCRBV30-01
1289,CAWGQNYGYTF,TCRBV30,TCRBV30-01
1290,CASSLVQLTIYGYTF,TCRBV05,TCRBV05-06
1291,CAWSDTWGTGDQPQHF,TCRBV30,TCRBV30-01
1292,CAWSRGAAGELFF,TCRBV30,TCRBV30-01
1293,CAWSHGLAGGHSQFF,TCRBV30,TCRBV30-01
1294,CAWSADRGYGYTF,TCRBV30,TCRBV30-01
1295,CAWRQQGATEAFF,TCRBV30,TCRBV30-01
1296,CSVDSMNTEAFF,TCRBV29,TCRBV29-01
1297,CAWSVGTYQETQYF,TCRBV30,TCRBV30-01
1298,CAWSVIPGSTYLSARGNTIYF,TCRBV30,TCRBV30-01
1299,CASTQPQHF,TCRBV06,TCRBV06-06
1300,CASSYSAGDYGYTF,TCRBV06,TCRBV06-05
1301,CASSPAWGYTF,TCRBV06,TCRBV06-06
1302,CASSGGEGYTF,TCRBV06,TCRBV06-06
1303,CASSSGRTSYGYTF,TCRBV06,TCRBV06-05
1304,CSVEAPTGYEQFF,TCRBV29,TCRBV29-01
1305,CASSSGSYNEQFF,TCRBV05,TCRBV05-01
1306,CASSRRSGYEQYF,TCRBV02,TCRBV02-01
1307,CAWSVLAGATGELFF,TCRBV30,TCRBV30-01
1308,CASSFKLAGSNEQYF,TCRBV05,TCRBV05-01
1309,CASSDSIGGSPLHF,TCRBV02,TCRBV02-01
1310,CASSIYEQYF,TCRBV02,TCRBV02-01
1311,CSVGTSGYGYTF,TCRBV29,TCRBV29-01
1312,CASSLGTNYGYTF,TCRBV27,TCRBV27-01
1313,CASSLLSYEQYF,TCRBV13,TCRBV13-01
1314,CASSDRYEQYF,TCRBV06,TCRBV06-01
1315,CASSLSSYYEQYF,TCRBV05,TCRBV05-01
1316,CASSPGSYNSPLHF,TCRBV25,TCRBV25-01
1317,CASSLGRGQVKGHGYTF,TCRBV05,TCRBV05-04
1318,CATIAGLHGYTF,TCRBV06,TCRBV06-05
1319,CATSRGQAPYEQYF,TCRBV15,TCRBV15-01
1320,CASSATEQYEQYF,TCRBV02,TCRBV02-01
1321,CSARDTYEQYF,TCRBV20,TCRBV20-01
1322,CASALYKGDYQPQHF,TCRBV06,TCRBV06-05
1323,CASSFDPADSHSNQPQHF,TCRBV05,TCRBV05-01
1324,CASMFGLPNYGYTF,TCRBV02,TCRBV02-01
1325,CASSLVISGSYEQYF,TCRBV05,TCRBV05-01
1326,CACKDSRGTFF,TCRBV30,TCRBV30-01
1327,CASSGRDRGLYGYTF,TCRBV25,TCRBV25-01
1328,CASSHGSGEQYF,TCRBV07,TCRBV07-06
1329,CAWR*RERGETQYF,TCRBV30,TCRBV30-01
1330,CASSYTRGYQPQHF,TCRBV06,TCRBV06-05
1331,CASSSLGPQETQYF,TCRBV05,TCRBV05-01
1332,CASSFDRTSYEQYF,TCRBV05,TCRBV05-06
1333,CASSQVAGYGGANVLTF,TCRBV04,TCRBV04-01
1334,CASSSDRTYSGANVLTF,TCRBV05,TCRBV05-01
1335,CASSRQGASTDTQYF,TCRBV06,TCRBV06-05
1336,CASSPGGQPGNYGYTF,TCRBV05,TCRBV05-01
1337,CASSLSYEQYF,TCRBV07,TCRBV07-09
1338,CASSPYSRSHEQYF,TCRBV27,TCRBV27-01
1339,CASSEYRGYEQYF,TCRBV06,TCRBV06-01
1340,CASSPDTRNYGYTF,TCRBV02,TCRBV02-01
1341,CASSSDRTTYEQYF,TCRBV06,TCRBV06-05
1342,CASSSREGLGAYEQYF,TCRBV02,TCRBV02-01
1343,CASSSPGLTHEKLFF,TCRBV05,TCRBV05-06
1344,CASSAF*RTHYEQYF,TCRBV07,TCRBV07-03
1345,CASSRDTYGYTF,TCRBV07,TCRBV07-02
1346,CASSELPGGPYEQYF,TCRBV06,TCRBV06-01
1347,CSGSPGRVEFSEAFF,TCRBV29,TCRBV29-01
1348,CASSEQSSYNSPLHF,TCRBV02,TCRBV02-01
1349,CASSLTPGLVSYEQYF,TCRBV07,TCRBV07-09
1350,CASSLARQPQHF,TCRBV07,TCRBV07-08
1351,CASSDMGLYGYTF,TCRBV02,TCRBV02-01
1352,CGSSTDKRRDPSYEQYF,TCRBV07,TCRBV07-08
1353,CASSHGETGPYEQYF,TCRBV05,TCRBV05-01
1354,CASTQGADTEAFF,TCRBV02,TCRBV02-01
1355,CAISGRLISDGYTF,TCRBV10,TCRBV10-03
1356,CASRGGSMTGELFF,TCRBV05,TCRBV05-01
1357,CASSDSKGIWTIRQGYTF,TCRBV06,TCRBV06-04
1358,CASSDRGGYGYTF,TCRBV14,TCRBV14-01
1359,CASSGRDVTRQYF,TCRBV07,TCRBV07-09
1360,CASVGLAGDYEQYF,TCRBV06,TCRBV06-01
1361,CASRGQGSHEQYF,TCRBV19,TCRBV19-01
1362,CASSYGVSNQPQHF,TCRBV06,TCRBV06-05
1363,CASSAAVREQYF,TCRBV18,TCRBV18-01
1364,CASRSRQGNSYEQYF,TCRBV28,TCRBV28-01
1365,CASTGRAGDYEQYF,TCRBV06,TCRBV06-05
1366,CSPQGIGEAFF,TCRBV20,TCRBV20-01
1367,CASSTRGESYEQYF,TCRBV06,TCRBV06-01
1368,CASSLSLAGMGEQYF,TCRBV07,TCRBV07-02
1369,CASSLAGTGGYEQYF,TCRBV07,TCRBV07-09
1370,CASSLRTGRNSPLHF,TCRBV07,TCRBV07-02
1371,CASSGTGSSYEQYF,TCRBV23,TCRBV23-01
1372,CASSYRTDYEQYF,TCRBV05,TCRBV05-01
1373,CASSDERKRSYGYTF,TCRBV06,TCRBV06-04
1374,CASRTPGNYGYTF,TCRBV28,TCRBV28-01
1375,CASSIDIGETQYF,TCRBV19,TCRBV19-01
1376,CASSETGRGLNQPQHF,TCRBV06,TCRBV06-01
1377,CASSLAGTGGNQPQHF,TCRBV07,TCRBV07-09
1378,CASSTTSGGTSTDTQYF,TCRBV02,TCRBV02-01
1379,CASSFWGGYTF,TCRBV28,TCRBV28-01
1380,CASSYSFSGANVLTF,TCRBV06,TCRBV06-06
1381,CASSTNLADAYNEQFF,TCRBV04,TCRBV04-01
1382,CASSFGTSGNNEQFF,TCRBV27,TCRBV27-01
1383,CASSQVWFGDTGELFF,TCRBV14,TCRBV14-01
1384,CASSYWLGDTEAFF,TCRBV06,TCRBV06-05
1385,CASSLEDRVRNSPLHF,TCRBV07,TCRBV07-07
1386,CSASRDYGYTF,TCRBV20,TCRBV20-01
1387,CASSPYWQGDGYTF,TCRBV07,TCRBV07-02
1388,CASSLNPSSYEQYF,TCRBV05,TCRBV05-01
1389,CASSTGGTYEQYF,TCRBV07,TCRBV07-06
1390,CASSSERTDTQYF,TCRBV06,TCRBV06-06
1391,CASSYSGQYGKLFF,TCRBV06,TCRBV06-06
1392,CASSLDTGGGYEQYF,TCRBV05,TCRBV05-01
1393,CASSSRTGGRGDYEQYF,TCRBV19,TCRBV19-01
1394,CATSSDYTGTGNTEAFF,TCRBV15,TCRBV15-01
1395,CAWSGRPGDEAFF,TCRBV30,TCRBV30-01
1396,CASSSARDLNEQYF,TCRBV07,TCRBV07-09
1397,CAISEEGSSNSPLHF,TCRBV10,TCRBV10-03
1398,CASRMGQINTEAFF,TCRBV27,TCRBV27-01
1399,CASSLGYWTGGAGGYGYTF,TCRBV05,TCRBV05-01
1400,CTSRRCSLRKTYGYTF,TCRBV01,TCRBV01-01
1401,CASSQDPTGIQAFF,TCRBV04,TCRBV04-02
1402,CASSPETSYGYTF,TCRBV09,TCRBV09-01
1403,CASSSPGTIPWEQYF,TCRBV07,TCRBV07-09
1404,CSARGDYEQYF,TCRBV20,TCRBV20-01
1405,CASGFNPHSRSNQPQHF,TCRBV12,TCRBV12-05
1406,CASSIAGTGGYEQYF,TCRBV19,TCRBV19-01
1407,CASSPLGSTGQGTHSPLHF,TCRBV18,TCRBV18-01
1408,CASGVVRTEAFF,TCRBV02,TCRBV02-01
1409,CASSTGQGGYGYTF,TCRBV07,TCRBV07-09
1410,CASSQDRGPGNTIYF,TCRBV04,TCRBV04-02
1411,CASSFGLYNEQFF,TCRBV06,TCRBV06-05
1412,CASSLASGTDTQYF,TCRBV07,TCRBV07-09
1413,CASSETIRETEAFF,TCRBV06,TCRBV06-01
1414,CASSRSYRGEKLFF,TCRBV04,TCRBV04-01
1415,CASSHRVSSEKLFF,TCRBV28,TCRBV28-01
1416,CASSTGTGYSNQPQHF,TCRBV19,TCRBV19-01
1417,CASSLPGHYGYTF,TCRBV28,TCRBV28-01
1418,CASSSSGQGAYEQYF,TCRBV19,TCRBV19-01
1419,CASSSTSGRYNEQFF,TCRBV07,TCRBV07-03
1420,CASSGPFGGFSEAFF,TCRBV02,TCRBV02-01
1421,CASRTGRNEKLFF,TCRBV02,TCRBV02-01
1422,CASRAHPDSNQPQHF,TCRBV28,TCRBV28-01
1423,CASSPQRVSAYYEQYF,TCRBV05,TCRBV05-08
1424,CASSLTQTVQYQPQHF,TCRBV07,TCRBV07-08
1425,CASSIERVNQPQHF,TCRBV19,TCRBV19-01
1426,CASSLKQGLDIQYF,TCRBV07,TCRBV07-02
1427,CASGRERQETQYF,TCRBV06,TCRBV06-01
1428,CASSFPLDTQYF,TCRBV07,TCRBV07-02
1429,CASSPWGAIDTQYF,TCRBV18,TCRBV18-01
1430,SICQGAESGNTIYF,TCRBV07,TCRBV07-02
1431,CASSQYSLGKQFF,TCRBV23,TCRBV23-01
1432,CASSENLGDTEAFF,TCRBV06,TCRBV06-01
1433,CASGLKGNQPQHF,TCRBV12,TCRBV12-05
1434,CASRSSGVHEQFF,TCRBV06,TCRBV06-05
1435,CASSGDRGLGNQPQHF,TCRBV06,TCRBV06-01
1436,CASSPGTDYGYTF,TCRBV10,TCRBV10-01
1437,CASSLNNHGYTF,TCRBV07,TCRBV07-09
1438,CASSLATAYEQYF,TCRBV05,TCRBV05-01
1439,CASSLRDSGNTIYF,TCRBV07,TCRBV07-02
1440,CASSVEAGVPYNEQFF,TCRBV09,TCRBV09-01
1441,CASRNHGVNTEAFF,TCRBV07,TCRBV07-09
1442,CASSPITGDDYGYTF,TCRBV18,TCRBV18-01
1443,CAWSWGETQYF,TCRBV30,TCRBV30-01
1444,CASSSLAGGYTDTQYF,TCRBV06,TCRBV06-06
1445,CASSYSRGNYNEQFF,TCRBV06,TCRBV06-06
1446,CASSAQGANNEQFF,TCRBV18,TCRBV18-01
1447,CASSARLAATDTQYF,TCRBV04,TCRBV04-03
1448,CATSTGAGELFF,TCRBV15,TCRBV15-01
1449,CASSLNHRPQHF,TCRBV28,TCRBV28-01
1450,CASTKVGYGYTF,TCRBV28,TCRBV28-01
1451,CASSLNPGLGNTIYF,TCRBV07,TCRBV07-09
1452,CAWNVGLATRPQETQYF,TCRBV30,TCRBV30-01
1453,CASSPPLAGGTGELFF,TCRBV05,TCRBV05-01
1454,CASSYSVRGAHTEAFF,TCRBV06,TCRBV06-05
1455,CASSPHYEQYF,TCRBV07,TCRBV07-02
1456,CASSVQAGPYNEQFF,TCRBV02,TCRBV02-01
1457,CASSPQGLTDTQYF,TCRBV19,TCRBV19-01
1458,CASSWDRVYYNTEAFF,TCRBV07,TCRBV07-09
1459,CASSLDLRQGNTEAFF,TCRBV07,TCRBV07-09
1460,CASSLRGGDEQYF,TCRBV18,TCRBV18-01
1461,CASSYGSQLLETQYF,TCRBV06,TCRBV06-06
1462,CASSLQGVDGYTF,TCRBV07,TCRBV07-02
1463,CAGGG*DSPLHF,TCRBV07,TCRBV07-09
1464,CASSSDPGGTQYF,TCRBV05,TCRBV05-06
1465,CASSPGQLNTEAFF,TCRBV18,TCRBV18-01
1466,CASSESNEKLFF,TCRBV10,TCRBV10-01
1467,CASSLGAGGYYEQYF,TCRBV07,TCRBV07-02
1468,CASSYSTQGSGYEQYF,TCRBV06,TCRBV06-07
1469,CASSQGALGNTIYF,TCRBV10,TCRBV10-02
1470,CASSPIGGPTTDTQYF,TCRBV18,TCRBV18-01
1471,CASGAGVLVRELFF,TCRBV06,TCRBV06-05
1472,CASSLEGSGVYTQYF,TCRBV07,TCRBV07-09
1473,CASSRGLAGGLGSTDTQYF,TCRBV06,TCRBV06-04
1474,CASSHYPGTGFNEQFF,TCRBV14,TCRBV14-01
1475,CAISEGFPMSEQYF,TCRBV10,TCRBV10-03
1476,CASSARPSLYGRWTSGANVLTF,TCRBV19,TCRBV19-01
1477,CASSRGQGNNSPLHF,TCRBV19,TCRBV19-01
1478,CASSLGSGRSSYNEQFF,TCRBV05,TCRBV05-01
1479,CASSRTLEDTQYF,TCRBV05,TCRBV05-04
1480,CASSQRGVVKNQPQHF,TCRBV21,TCRBV21-01
1481,CASSQGYHGYTF,TCRBV11,TCRBV11-02
1482,CASSFDPRQGEQYF,TCRBV11,TCRBV11-02
1483,CARVSAQETQYF,TCRBV21,TCRBV21-01
1484,CASSEGWTGGRDTQYF,TCRBV06,TCRBV06-01
1485,CASSMGPGMNTEAFF,TCRBV19,TCRBV19-01
1486,CASSLTDTNLEAFF,TCRBV06,TCRBV06-06
1487,CASSMLDRFYSNQPQHF,TCRBV19,TCRBV19-01
1488,CASSQEGWSYGYTF,TCRBV14,TCRBV14-01
1489,CASSLGGLAAPYEQYF,TCRBV07,TCRBV07-02
1490,CASSEARDRGYRNTIYF,TCRBV02,TCRBV02-01
1491,CAISGTRSLSGANVLTF,TCRBV19,TCRBV19-01
1492,CASSRTRGDEQFF,TCRBV05,TCRBV05-06
1493,CASSLARGPNTGELFF,TCRBV07,TCRBV07-02
1494,CASSLARIIGNEQFF,TCRBV07,TCRBV07-09
1495,CASSPRSGSNTGELFF,TCRBV05,TCRBV05-01
1496,CASR*PPRRE*KTYGYTF,TCRBV13,TCRBV13-01
1497,CASSFLYEQFF,TCRBV07,TCRBV07-09
1498,CASSPVNDRGRTDTQYF,TCRBV05,TCRBV05-01
1499,CASSPLDDRDTEAFF,TCRBV18,TCRBV18-01
1500,CASSEYRGNEKLFF,TCRBV06,TCRBV06-01
1501,CASSTHPGVGSGTGELFF,TCRBV09,TCRBV09-01
1502,CASSLSNRGDTEAFF,TCRBV07,TCRBV07-06
1503,CASSAGQEHTEAFF,TCRBV25,TCRBV25-01
1504,CASTAGGRYEQYF,TCRBV25,TCRBV25-01
1505,CASSLWGYNEQFF,TCRBV28,TCRBV28-01
1506,CASSRQGWQETQYF,TCRBV18,TCRBV18-01
1507,CASSLVRYTEAFF,TCRBV11,TCRBV11-02
1508,CASSGLGYEQYF,TCRBV02,TCRBV02-01
1509,CASSLPGQGRYEQYF,TCRBV18,TCRBV18-01
1510,CASSLKLGGKGNEQFF,TCRBV05,TCRBV05-01
1511,CASSLKSGGSTDTQYF,TCRBV07,TCRBV07-03
1512,CASSLWRGANTGELFF,TCRBV07,TCRBV07-09
1513,CASSEPLLLETQYF,TCRBV06,TCRBV06-01
1514,CASSMVSGRPLSTDTQYF,TCRBV19,TCRBV19-01
1515,CASSSPGQGRGNQPQHF,TCRBV28,TCRBV28-01
1516,CASSILTYNEQFF,TCRBV19,TCRBV19-01
1517,CASSLARTGIQETQYF,TCRBV07,TCRBV07-09
1518,CASSARGLPLTDTQYF,TCRBV09,TCRBV09-01
1519,CASTRPWGREAFF,TCRBV19,TCRBV19-01
1520,CASSFRDREETQYF,TCRBV05,TCRBV05-01
1521,CASSQDPSWAGRGETQYF,TCRBV04,TCRBV04-02
1522,CASSLGLTGTWDTQYF,TCRBV05,TCRBV05-08
1523,CASGRTSDGTGELFF,TCRBV25,TCRBV25-01
1524,CASSPLTGGQNTEAFF,TCRBV11,TCRBV11-02
1525,CASSNLTPNTEAFF,TCRBV02,TCRBV02-01
1526,CASRGLGGANVLTF,TCRBV06,TCRBV06-05
1527,CASSLKLAPNEQFF,TCRBV05,TCRBV05-01
1528,CASSLPPGPTGELFF,TCRBV28,TCRBV28-01
1529,CASSVSHNYGYTF,TCRBV02,TCRBV02-01
1530,CASSLVLG*QSRANVLTF,TCRBV11,TCRBV11-01
1531,CASSPEWALQVRNEQFF,TCRBV05,TCRBV05-04
1532,CASSYWLEETQYF,TCRBV06,TCRBV06-06
1533,CASSWDGVGTQYF,TCRBV06,TCRBV06-05
1534,CASSFQGNTEAFF,TCRBV07,TCRBV07-02
1535,CASSSSRAEQYF,TCRBV07,TCRBV07-02
1536,CASSPLTGPGNTIYF,TCRBV18,TCRBV18-01
1537,CASSLLAGLYNEQFF,TCRBV07,TCRBV07-09
1538,CASSYLGQGPEAFF,TCRBV06,TCRBV06-05
1539,CASSITTDRSTEAFF,TCRBV05,TCRBV05-01
1540,CASSPETGYYEQYF,TCRBV18,TCRBV18-01
1541,CASSLAGVGNEQFF,TCRBV07,TCRBV07-06
1542,CASSFWGDSYNEQFF,TCRBV28,TCRBV28-01
1543,CASSLGGRSFGETQYF,TCRBV07,TCRBV07-09
1544,CASSGTSGQNTGELFF,TCRBV11,TCRBV11-02
1545,CASSVTGGSYNSPLHF,TCRBV06,TCRBV06-01
1546,CASSLMLAGLLFF,TCRBV07,TCRBV07-09
1547,CASSFDTSGGDTQYF,TCRBV05,TCRBV05-01
1548,CASSLRTATNTGELFF,TCRBV18,TCRBV18-01
1549,CASSIDGGGFKLFF,TCRBV19,TCRBV19-01
1550,CASSGWVDQPQHF,TCRBV10,TCRBV10-02
1551,CASSQRTSTDTQYF,TCRBV07,TCRBV07-03
1552,CASSISTSGSTDTQYF,TCRBV19,TCRBV19-01
1553,CASSLAGTPGYTF,TCRBV07,TCRBV07-09
1554,CASSYNYQGSYEQYF,TCRBV06,TCRBV06-05
1555,CASSSTGYADTEAFF,TCRBV19,TCRBV19-01
1556,CASSTRISYNEQFF,TCRBV19,TCRBV19-01
1557,CASSPRRGPGETQYF,TCRBV19,TCRBV19-01
1558,CASSSARTDTQYF,TCRBV07,TCRBV07-06
1559,CASSINGGAETGELFF,TCRBV19,TCRBV19-01
1560,CASSKGQKKTYEQYF,TCRBV21,TCRBV21-01
1561,CASSRATSGRARYNEQFF,TCRBV04,TCRBV04-01
1562,CASRSGGASSYNEQFF,TCRBV27,TCRBV27-01
1563,CASSLDTNTGELFF,TCRBV07,TCRBV07-09
1564,CASSPSGTSEKQFF,TCRBV05,TCRBV05-04
1565,CASSLVAGRETQYF,TCRBV07,TCRBV07-06
1566,CASSLEGGRTDTQYF,TCRBV07,TCRBV07-09
1567,CASSLTGLASTDTQYF,TCRBV18,TCRBV18-01
1568,CASSIPGGRTGELFF,TCRBV19,TCRBV19-01
1569,CASSLVTGERWGYTF,TCRBV05,TCRBV05-05
1570,CASSLGFAGPFYEQYF,TCRBV05,TCRBV05-05
1571,CASSFQLATHNEQFF,TCRBV11,TCRBV11-02
1572,ADTQYF,TCRBV04,TCRBV04-01
1573,CASSNGTGGPGELFF,TCRBV21,TCRBV21-01
1574,CASSLNLYEQYF,TCRBV07,TCRBV07-02
1575,CASSLHRQGTQETQYF,TCRBV27,TCRBV27-01
1576,CASSLGQVNTEAFF,TCRBV05,TCRBV05-05
1577,CASSGVATEAFF,TCRBV02,TCRBV02-01
1578,CASSLSGVETQYF,TCRBV11,TCRBV11-02
1579,CAISDRGDENTEAFF,TCRBV10,TCRBV10-03
1580,CASSRGTPNEKLFF,TCRBV07,TCRBV07-09
1581,CASSFGSNQPQHF,TCRBV07,TCRBV07-02
1582,CASSSTGDNSPLHF,TCRBV11,TCRBV11-03
1583,CASSQVRSLGRVEKKETQYF,TCRBV14,TCRBV14-01
1584,CASSLGGTVRTSTDTQYF,TCRBV07,TCRBV07-02
1585,CASSEGPGSETQYF,TCRBV06,TCRBV06-01
1586,CASSPTGFQETQYF,TCRBV05,TCRBV05-01
1587,CASSWRKAGASTDTQYF,TCRBV07,TCRBV07-08
1588,CASSLATAYEQYF,TCRBV05,TCRBV05-01
1589,CTSSQYSLGKQFF,TCRBV23,TCRBV23-01
1590,CASSLGGLAGETQYF,TCRBV07,TCRBV07-07
1591,CASSLSYRDTGELFF,TCRBV04,TCRBV04-03
1592,CASGFASGSPYNEQFF,TCRBV12,TCRBV12-05
1593,CASSLGPGGSQETQYF,TCRBV11,TCRBV11-02
1594,CASSLGKTQYF,TCRBV27,TCRBV27-01
1595,CASSLDSRNQPQHF,TCRBV05,TCRBV05-01
1596,CASSLFGTTDGRYGYTF,TCRBV05,TCRBV05-08
1597,CASSKGETSGGPYNEQFF,TCRBV21,TCRBV21-01
1598,CASSSPGTIPWEQYF,TCRBV07,TCRBV07-09
1599,CASSLGTGGTDTQYF,TCRBV07,TCRBV07-09
1600,CATSRDLEDTQYF,TCRBV15,TCRBV15-01
1601,CARITPEAFF,TCRBV05,TCRBV05-03
1602,CASRGTGTGVEKLFF,TCRBV28,TCRBV28-01
1603,CASSTGQGKDGYTF,TCRBV05,TCRBV05-04
1604,CAISEGLPGRRNIQYF,TCRBV10,TCRBV10-03
1605,CASSYVTTAGRSPLHF,TCRBV11,TCRBV11-03
1606,CASSSWTSGTNEQFF,TCRBV11,TCRBV11-02
1607,CASSLDRGRSEKLFF,TCRBV05,TCRBV05-01
1608,CASSELPGGPYEQYF,TCRBV06,TCRBV06-01
1609,CASTGRAGDYEQYF,TCRBV06,TCRBV06-06
1610,CASRLATAYEQYF,TCRBV05,TCRBV05-01
1611,CASSLAGVGNGQFF,TCRBV07,TCRBV07-06
1612,CASSRVYGEETQYF,TCRBV07,TCRBV07-06
1613,CASSFTGQETQYF,TCRBV07,TCRBV07-02
1614,CASSLEASGGYQETQYF,TCRBV11,TCRBV11-02
1615,CASSYVGHTGELFF,TCRBV05,TCRBV05-04
1616,CASSEQWAGGQPQHF,TCRBV02,TCRBV02-01
1617,CASSIQGVTSSGNTIYF,TCRBV19,TCRBV19-01
1618,CASSLAAPGQFF,TCRBV07,TCRBV07-02
1619,CASSYGTIYNEQFF,TCRBV06,TCRBV06-06
1620,CAWSPDPGLAGGDTQYF,TCRBV30,TCRBV30-01
1621,CASSKPYGKG*TDTQYF,TCRBV19,TCRBV19-01
1622,CASSSTETGELFF,TCRBV07,TCRBV07-09
1623,CASSLEGTSGQPQHF,TCRBV05,TCRBV05-05
1624,CASSYGVSNQPQHF,TCRBV06,TCRBV06-06
1625,CASVHYLA*KNYGYTF,TCRBV05,TCRBV05-08
1626,CATHVRVHGYTF,TCRBV10,TCRBV10-03
1627,CASSFLAGVAYEQYF,TCRBV11,TCRBV11-02
1628,CAWSVGTQETQYF,TCRBV30,TCRBV30-01
1629,CASSLERGGHGTGELFF,TCRBV05,TCRBV05-01
1630,CAWSKPYGYTF,TCRBV30,TCRBV30-01
1631,CAWREPQGGTEAFF,TCRBV30,TCRBV30-01
1632,CSVFSRIYGYTF,TCRBV29,TCRBV29-01
1633,CAWSVGQGVEKLFF,TCRBV30,TCRBV30-01
1634,CAWSVGNTRSTDTQYF,TCRBV30,TCRBV30-01
1635,CAWSVTGNQPQHF,TCRBV30,TCRBV30-01
1636,CAWRGTGTNTEAFF,TCRBV30,TCRBV30-01
1637,CSVDINTGELFF,TCRBV29,TCRBV29-01
1638,CASSLQGEQYF,TCRBV05,TCRBV05-06
1639,CASSHVPRDSANYGYTF,TCRBV04,TCRBV04-01
1640,CASSSGQGAGEQYF,TCRBV05,TCRBV05-01
1641,CASSLGRGNSPLHF,TCRBV27,TCRBV27-01
1642,CASSQSSYEQYF,TCRBV06,TCRBV06-05
1643,CASSGEYEQYF,TCRBV02,TCRBV02-01
1644,CASSQLDRVYGYTF,TCRBV04,TCRBV04-02
1645,CSTWGGNEQFF,TCRBV29,TCRBV29-01
1646,CAWRETDTQYF,TCRBV30,TCRBV30-01
1647,CASSSGASYEQYF,TCRBV27,TCRBV27-01
1648,CASSTRDRTIYEQYF,TCRBV05,TCRBV05-06
1649,CASSEDGRYYEQYF,TCRBV06,TCRBV06-01
1650,CASSYSVLANYGYTF,TCRBV06,TCRBV06-05
1651,CASSLSTQPYEQYF,TCRBV05,TCRBV05-01
1652,CASSAAGGRGSPLHF,TCRBV25,TCRBV25-01
1653,CASSGARPDQPQHF,TCRBV27,TCRBV27-01
1654,CARGNYGYTF,TCRBV27,TCRBV27-01
1655,CASRGGTGAPYEQYF,TCRBV02,TCRBV02-01
1656,CASSPDRGGNEQYF,TCRBV06,TCRBV06-01
1657,CASSLGRDGYTF,TCRBV05,TCRBV05-06
1658,CASSRSSYNEQFF,TCRBV04,TCRBV04-01
1659,CASRGQGGYYGYTF,TCRBV25,TCRBV25-01
1660,CASSLEAGESYEQYF,TCRBV05,TCRBV05-01
1661,CASSQGVNTGELFF,TCRBV04,TCRBV04-03
1662,CASSEFGGFEQYF,TCRBV25,TCRBV25-01
1663,CASSQDLPLGSYNEQFF,TCRBV04,TCRBV04-02
1664,CSAKGDTEAFF,TCRBV20,TCRBV20-01
1665,CASPLIA*KTYGYTF,TCRBV05,TCRBV05-07
1666,CASRDSNYGYTF,TCRBV25,TCRBV25-01
1667,CASSLMPGVSGNTIYF,TCRBV04,TCRBV04-01
1668,CASSPDKGLYNSPLHF,TCRBV05,TCRBV05-01
1669,CSVEGGGGMHEQFF,TCRBV29,TCRBV29-01
1670,CASSLDIQPYEQYF,TCRBV05,TCRBV05-04
1671,CASSSGTPEETQYF,TCRBV06,TCRBV06-06
1672,CASSEQSYEQYF,TCRBV02,TCRBV02-01
1673,CASTPDRGRTEAFF,TCRBV27,TCRBV27-01
1674,CASSPDRAWAGYTF,TCRBV02,TCRBV02-01
1675,CASSWAGANRGGYTF,TCRBV05,TCRBV05-06
1676,CASSLVLANYGYTF,TCRBV05,TCRBV05-06
1677,CASSQDIRFTGELFF,TCRBV04,TCRBV04-03
1678,CSVGVLAGYNEQFF,TCRBV29,TCRBV29-01
1679,CASSVGLAGYKYF,TCRBV06,TCRBV06-01
1680,CASSPDWNTEAFF,TCRBV06,TCRBV06-05
1681,CASSLHSNQPQHF,TCRBV06,TCRBV06-06
1682,CASSPNYGYTF,TCRBV07,TCRBV07-09
1683,CASSLITSGGSYNEQFF,TCRBV05,TCRBV05-01
1684,CASSTGRDEKLFF,TCRBV05,TCRBV05-01
1685,CASSLVVLTQETQYF,TCRBV05,TCRBV05-06
1686,CASSRQGVGNTIYF,TCRBV02,TCRBV02-01
1687,CASSVGTGTGGGQPQHF,TCRBV02,TCRBV02-01
1688,CASSIGGQRNYGYTF,TCRBV19,TCRBV19-01
1689,CASSQEQDVYTIYF,TCRBV04,TCRBV04-03
1690,CASIVLGGMKKLFF,TCRBV27,TCRBV27-01
1691,CAIRKQGESYEQYF,TCRBV10,TCRBV10-03
1692,CASSDRGPQHF,TCRBV06,TCRBV06-01
1693,CASSDRGEQYF,TCRBV10,TCRBV10-01
1694,CASSYLSGELFF,TCRBV06,TCRBV06-05
1695,CASSSPGSRYGYTF,TCRBV06,TCRBV06-05
1696,CASSDRDGYTF,TCRBV09,TCRBV09-01
1697,CASSIPHSYSYEQYF,TCRBV19,TCRBV19-01
1698,CAQQRGNYEQYF,TCRBV05,TCRBV05-01
1699,CSAKGVTEAFF,TCRBV20,TCRBV20-01
1700,CASSQITGGDGYTF,TCRBV05,TCRBV05-04
1701,CASSLMVGEGDEETQYF,TCRBV05,TCRBV05-01
1702,CASSFGGGAGNTIYF,TCRBV05,TCRBV05-06
1703,CASDRSRNNNQPQHF,TCRBV06,TCRBV06-01
1704,CASSEAQGQPRYYGYTF,TCRBV02,TCRBV02-01
1705,CASSLGNPWIEQYF,TCRBV07,TCRBV07-09
1706,CASSLETKKSYGYTF,TCRBV05,TCRBV05-04
1707,CASSQDAGGVGNTIYF,TCRBV04,TCRBV04-01
1708,CASSTSGEGTGELFF,TCRBV27,TCRBV27-01
1709,CAISGITGEKTEAFF,TCRBV10,TCRBV10-03
1710,CASSLVSSYEQYF,TCRBV05,TCRBV05-06
1711,CASSHWEGTNIQYF,TCRBV04,TCRBV04-03
1712,CASSQDRTGLGEKLFF,TCRBV04,TCRBV04-02
1713,CASSLASGHSYEQYF,TCRBV07,TCRBV07-09
1714,CASSKGDREYEQYF,TCRBV07,TCRBV07-09
1715,CASSSLFGSETQYF,TCRBV05,TCRBV05-04
1716,CSASYSEKLFF,TCRBV20,TCRBV20-01
1717,CASSLGLYNEQFF,TCRBV05,TCRBV05-01
1718,CASSLQDHYGYTF,TCRBV07,TCRBV07-09
1719,CASSLSQGGSYEQYF,TCRBV07,TCRBV07-09
1720,CASSQAGKYPYEQYF,TCRBV04,TCRBV04-01
1721,CASSIGQPNQPQHF,TCRBV19,TCRBV19-01
1722,CASSIPGTGGYGYTF,TCRBV07,TCRBV07-02
1723,CASSVDRLGRTGELFF,TCRBV05,TCRBV05-04
1724,CASSLVDPLYEQFF,TCRBV04,TCRBV04-01
1725,CASSLEGRSWDTGELFF,TCRBV05,TCRBV05-01
1726,CASSLWGPNTEAFF,TCRBV05,TCRBV05-01
1727,YSSLDGLGKTYGYTF,TCRBV17,TCRBV17-01
1728,CASSLRRSGEQYF,TCRBV07,TCRBV07-02
1729,CASSDN*REAGTYEQYF,TCRBV06,TCRBV06-04
1730,CASSIKPGQTGHEQFF,TCRBV05,TCRBV05-01
1731,CASSNLGGARDTQYF,TCRBV27,TCRBV27-01
1732,CASSGTGGADTQYF,TCRBV05,TCRBV05-06
1733,CASSPNWGLGLFF,TCRBV07,TCRBV07-02
1734,CASSISQGMYGYTF,TCRBV19,TCRBV19-01
1735,CASSPAGNTIYF,TCRBV05,TCRBV05-01
1736,CAISTGERGYTF,TCRBV10,TCRBV10-03
1737,CANRDRGYEQYF,TCRBV10,TCRBV10-03
1738,CASSLDPGSGANEQFF,TCRBV05,TCRBV05-01
1739,CASSQGTSGSEQYF,TCRBV07,TCRBV07-02
1740,CASSEGLALTDTQYF,TCRBV06,TCRBV06-01
1741,CASGFPHRGDQPQHF,TCRBV12,TCRBV12-05
1742,CASSSRGQGGNEQFF,TCRBV09,TCRBV09-01
1743,CASSFGRDFETQYF,TCRBV27,TCRBV27-01
1744,CASSERLLGVGNQPQHF,TCRBV06,TCRBV06-01
1745,CASSYGYNQPQHF,TCRBV06,TCRBV06-06
1746,CASSLYDGVYGYTF,TCRBV19,TCRBV19-01
1747,CASSQSWD*RPSYEQYF,TCRBV23,TCRBV23-01
1748,CASSPEAVTAYGYTF,TCRBV18,TCRBV18-01
1749,CASSLDPGTAYNEQFF,TCRBV05,TCRBV05-01
1750,CASSQGSRNSWFCTEAFF,TCRBV23,TCRBV23-01
1751,CASSSRGLEYQPQHF,TCRBV19,TCRBV19-01
1752,CASSLDRGNQPQHF,TCRBV07,TCRBV07-02
1753,CASRQPTGARDVQYF,TCRBV28,TCRBV28-01
1754,CASSQGGGLAGNTGELFF,TCRBV04,TCRBV04-02
1755,CASSPSGSDSYEQYF,TCRBV02,TCRBV02-01
1756,CASSLVGYEQYF,TCRBV07,TCRBV07-09
1757,CASSLLSWGEQFF,TCRBV18,TCRBV18-01
1758,CASSQDSSGRSHEQFF,TCRBV04,TCRBV04-03
1759,CASSFDTLGHQPQHF,TCRBV19,TCRBV19-01
1760,CASSIISQGRSGYTF,TCRBV19,TCRBV19-01
1761,CASTPGNTIYF,TCRBV06,TCRBV06-06
1762,CASSEIQGVPPLHF,TCRBV06,TCRBV06-01
1763,CASSILRNGQFQFF,TCRBV07,TCRBV07-09
1764,CASSAGFSNQPQHF,TCRBV07,TCRBV07-02
1765,CASSPDLGWDYGYTF,TCRBV07,TCRBV07-09
1766,CASSLQGANYGYTF,TCRBV07,TCRBV07-09
1767,CASSLEAAYEQYF,TCRBV13,TCRBV13-01
1768,CASGVPGASYEQYF,TCRBV28,TCRBV28-01
1769,CASSFVGGRETQYF,TCRBV27,TCRBV27-01
1770,CASSLNGQTGTSYGYTF,TCRBV07,TCRBV07-02
1771,CASSFSGGLAGELFF,TCRBV06,TCRBV06-06
1772,CASEILAGVWDEQFF,TCRBV06,TCRBV06-01
1773,CAISEGLAGEPEQFF,TCRBV10,TCRBV10-03
1774,CASSDRDRGGETQYF,TCRBV06,TCRBV06-06
1775,CASSKEVGGRWGEKLFF,TCRBV04,TCRBV04-01
1776,CASSVAGETGELFF,TCRBV09,TCRBV09-01
1777,CASSEIPEAQETQYF,TCRBV18,TCRBV18-01
1778,CASSSLAHNTGELFF,TCRBV09,TCRBV09-01
1779,CASSLNRANSEKLFF,TCRBV28,TCRBV28-01
1780,CATGNVAGGTDTQYF,TCRBV25,TCRBV25-01
1781,CASSEHNTGELFF,TCRBV25,TCRBV25-01
1782,CASSRQQ*SETYGYTF,TCRBV14,TCRBV14-01
1783,CAISERAPVYEQYF,TCRBV10,TCRBV10-03
1784,CASSYWGSSSYNEQFF,TCRBV06,TCRBV06-05
1785,CASSLDAATGVNTEAFF,TCRBV07,TCRBV07-02
1786,CASSLQGLGEQFF,TCRBV07,TCRBV07-09
1787,CASSLSASVELFF,TCRBV05,TCRBV05-04
1788,CASSFPGVITGELFF,TCRBV05,TCRBV05-01
1789,CASSLPGNPYEQYF,TCRBV28,TCRBV28-01
1790,CASSLTPGLGQGNEQYF,TCRBV11,TCRBV11-02
1791,CASTQGLAGRETQYF,TCRBV19,TCRBV19-01
1792,CAISVAWDTGELFF,TCRBV10,TCRBV10-03
1793,CASSLESDRGANEKLFF,TCRBV05,TCRBV05-04
1794,CASSATGSGNTIYF,TCRBV02,TCRBV02-01
1795,CASSSQGLAGLTDTQYF,TCRBV02,TCRBV02-01
1796,CASSQASSSGGTDTQYF,TCRBV04,TCRBV04-01
1797,CASSLTTGSYYEQYF,TCRBV07,TCRBV07-09
1798,CASSFLGYPSTDTQYF,TCRBV05,TCRBV05-01
1799,CAIGDRMGGYTF,TCRBV10,TCRBV10-03
1800,CASSLALGGYNTEAFF,TCRBV05,TCRBV05-04
1801,CASSPWTETYGYTF,TCRBV07,TCRBV07-09
1802,CASSLLRYEQYF,TCRBV28,TCRBV28-01
1803,CASSGGGGNTIYF,TCRBV06,TCRBV06-05
1804,CASKGLGEAFF,TCRBV02,TCRBV02-01
1805,CASRSAAMNTEAFF,TCRBV05,TCRBV05-01
1806,CASSLFFRDRYSNQPQHF,TCRBV28,TCRBV28-01
1807,CASSLQDRVNSYGYTF,TCRBV19,TCRBV19-01
1808,CASSLNTGGYGYTF,TCRBV11,TCRBV11-01
1809,CASSETPTSGGTDTQYF,TCRBV06,TCRBV06-01
1810,CAISRAQETQYF,TCRBV10,TCRBV10-03
1811,CASRERDPPYEQYF,TCRBV19,TCRBV19-01
1812,CASSRGRTGGLYEQYF,TCRBV11,TCRBV11-02
1813,CASSRLAGGPLQETQYF,TCRBV27,TCRBV27-01
1814,CASSIGLQGAGYGYTF,TCRBV19,TCRBV19-01
1815,CASSQDGA*SGLGQFF,TCRBV04,TCRBV04-03
1816,CASSGSGRAQETQYF,TCRBV06,TCRBV06-04
1817,CASSHPIAPPSTDTQYF,TCRBV04,TCRBV04-01
1818,CASSPPDTDTQYF,TCRBV28,TCRBV28-01
1819,CASPPGRGISNQPQHF,TCRBV28,TCRBV28-01
1820,CASTDIDGYTF,TCRBV19,TCRBV19-01
1821,CASSKNKGPDTQYF,TCRBV21,TCRBV21-01
1822,CASGSLFGTDNTGELFF,TCRBV12,TCRBV12-05
1823,CARQAETRPG*LGSPLHF,TCRBV06,TCRBV06-04
1824,CASSQGD*RKIESRGRETQYF,TCRBV04,TCRBV04-01
1825,CASSIQTGQETQYF,TCRBV19,TCRBV19-01
1826,CASSVGLWTYNEQFF,TCRBV09,TCRBV09-01
1827,CASSGLAGGFTQYF,TCRBV27,TCRBV27-01
1828,CASSLAGGTDTQYF,TCRBV11,TCRBV11-03
1829,CASSLAGGHNTDTQYF,TCRBV02,TCRBV02-01
1830,CASSPPS*SPTRAGELFF,TCRBV06,TCRBV06-04
1831,CASGLGGPPPNTGELFF,TCRBV12,TCRBV12-05
1832,CASIRAASTEAFF,TCRBV19,TCRBV19-01
1833,YASSRDRDEAFF,TCRBV06,TCRBV06-05
1834,CASSPLRQGASTNEKLFF,TCRBV04,TCRBV04-03
1835,CASSAPARAEQYF,TCRBV07,TCRBV07-02
1836,CASSLSSYEQYF,TCRBV11,TCRBV11-02
1837,CASSRTSGGNTGELFF,TCRBV06,TCRBV06-06
1838,CASRTGVWQNTIYF,TCRBV06,TCRBV06-01
1839,CAISEYREANEQFF,TCRBV10,TCRBV10-03
1840,CASSEPGTEYYNEQFF,TCRBV02,TCRBV02-01
1841,CASSVGLAGGQETQYF,TCRBV06,TCRBV06-01
1842,CASSGDRVYTQYF,TCRBV02,TCRBV02-01
1843,CTSSLHQGLNTEAFF,TCRBV28,TCRBV28-01
1844,CASSFSPTGTQYF,TCRBV07,TCRBV07-07
1845,CASSYLETQYF,TCRBV06,TCRBV06-05
1846,CASSTKMNTEAFF,TCRBV19,TCRBV19-01
1847,CASSLQGANYGYTF,TCRBV07,TCRBV07-09
1848,CASSIDHRGPGNTIYF,TCRBV19,TCRBV19-01
1849,CASSLELTDTQYF,TCRBV05,TCRBV05-01
1850,CASSLSWGSNQPQHF,TCRBV07,TCRBV07-09
1851,CASSLVFDEQYF,TCRBV05,TCRBV05-06
1852,CASSEVGFGWESRRGVTNEQFF,TCRBV06,TCRBV06-01
1853,CASSLHQGLNTEAFF,TCRBV28,TCRBV28-01
1854,CASSLGSYNEQFF,TCRBV11,TCRBV11-02
1855,CASSLGGRGNTGELFF,TCRBV28,TCRBV28-01
1856,CASSVRPYGADTQYF,TCRBV09,TCRBV09-01
1857,CAIRLAGTDTQYF,TCRBV10,TCRBV10-03
1858,CASSSRGGPGTGELFF,TCRBV07,TCRBV07-03
1859,CASSPPGTTEAFF,TCRBV18,TCRBV18-01
1860,CASSLSGEIGAQ*EKLFF,TCRBV07,TCRBV07-09
1861,CASSINLGADTQYF,TCRBV07,TCRBV07-02
1862,CASSSPVGGLGEKLFF,TCRBV11,TCRBV11-02
1863,CASSIRLGGYTF,TCRBV19,TCRBV19-01
1864,CASSFMAGLTTGELFF,TCRBV07,TCRBV07-06
1865,CASSGTGGYYGYTF,TCRBV19,TCRBV19-01
1866,CASSPRGGINEQFF,TCRBV18,TCRBV18-01
1867,CASSRDRGYDTQYF,TCRBV14,TCRBV14-01
1868,CASSLDSLAGLTDTQYF,TCRBV07,TCRBV07-02
1869,CASSLDWLGDNYGYTF,TCRBV11,TCRBV11-02
1870,CASSPQAGTTYNEQFF,TCRBV07,TCRBV07-06
1871,CASSLGGGDTGELFF,TCRBV07,TCRBV07-02
1872,CASSYGYNQPQHF,TCRBV06,TCRBV06-06
1873,CASSESPGGRQPQHF,TCRBV06,TCRBV06-01
1874,CASRVSGANVLTF,TCRBV07,TCRBV07-02
1875,CASSLGQGAAKNIQYF,TCRBV05,TCRBV05-01
1876,CASSILAGDEQFF,TCRBV19,TCRBV19-01
1877,CASSSGLAGNNEQFF,TCRBV05,TCRBV05-01
1878,CASSAWAGWQETQYF,TCRBV05,TCRBV05-01
1879,CASSSGWPGQGRNTEAFF,TCRBV05,TCRBV05-05
1880,CASSAILAGDEQYF,TCRBV25,TCRBV25-01
1881,CASS*GQGKEKLFF,TCRBV06,TCRBV06-05
1882,CASSAGFSNQPQHF,TCRBV07,TCRBV07-02
1883,CAISEWTNYGYTF,TCRBV10,TCRBV10-03
1884,CASSEASLLDEQFF,TCRBV06,TCRBV06-01
1885,CASSLDRWGQRSGNTIYF,TCRBV07,TCRBV07-09
1886,CASSLVLAGADTQYF,TCRBV05,TCRBV05-01
1887,CASSKDSVNTEAFF,TCRBV21,TCRBV21-01
1888,CASSESIQGGTHGYTF,TCRBV25,TCRBV25-01
1889,CASSLGLAGGTDTQYF,TCRBV07,TCRBV07-02
1890,CASSEHNTGELFF,TCRBV25,TCRBV25-01
1891,CAWSRVRARKTEAFF,TCRBV30,TCRBV30-01
1892,CASSLGREATEAFF,TCRBV05,TCRBV05-01
1893,CASSFEVQARIYTEAFF,TCRBV05,TCRBV05-08
1894,CASSERRQYSNQPQHF,TCRBV06,TCRBV06-01
1895,CASSRGRGLGTDTQYF,TCRBV19,TCRBV19-01
1896,CATNRGGGTEAFF,TCRBV19,TCRBV19-01
1897,CASRGGAGYGYTF,TCRBV06,TCRBV06-01
1898,CASSQDIRQGYGYTF,TCRBV04,TCRBV04-02
1899,CASSPGLLYEQYF,TCRBV19,TCRBV19-01
1900,CATQGARNTEAFF,TCRBV28,TCRBV28-01
1901,CAISESPNLPDTQYF,TCRBV10,TCRBV10-03
1902,CASSLGASILGNTGELFF,TCRBV07,TCRBV07-08
1903,CASSRGQNTEAFF,TCRBV06,TCRBV06-04
1904,CASSSQGAAAGQPQHF,TCRBV05,TCRBV05-01
1905,CASSDLRTSGISYEQYF,TCRBV02,TCRBV02-01
1906,CATHPGAGMNEQFF,TCRBV19,TCRBV19-01
1907,CASSQVQGTQETQYF,TCRBV19,TCRBV19-01
1908,CASSPRQGGFTDTQYF,TCRBV07,TCRBV07-02
1909,CASAPGGRVFTRYGYTF,TCRBV27,TCRBV27-01
1910,CASSSQGFPGNTIYF,TCRBV07,TCRBV07-09
1911,CASSTSRGHQETQYF,TCRBV19,TCRBV19-01
1912,CASSGTKETQYF,TCRBV05,TCRBV05-06
1913,CASSETGSRWRETPDTQYF,TCRBV06,TCRBV06-01
1914,CASSKQGAYNEQFF,TCRBV21,TCRBV21-01
1915,CASSPRTSGGPGEQFF,TCRBV07,TCRBV07-02
1916,CASSSSRGRTEAFF,TCRBV05,TCRBV05-04
1917,CASSIGTGNTEAFF,TCRBV19,TCRBV19-01
1918,CASSSGQANSPLHF,TCRBV28,TCRBV28-01
1919,CASSVGVGTSFTDTQYF,TCRBV09,TCRBV09-01
1920,CSVTGTGNEKLFF,TCRBV29,TCRBV29-01
1921,CASNGFGGKFGNQPQHF,TCRBV19,TCRBV19-01
1922,CASSEAAWTRDSPLHF,TCRBV06,TCRBV06-01
1923,CASSSSFYNEQFF,TCRBV02,TCRBV02-01
1924,CASSRWTPSGAGETQYF,TCRBV19,TCRBV19-01
1925,CASSLRGRVGDTQYF,TCRBV05,TCRBV05-05
1926,CASRFIGDTQYF,TCRBV28,TCRBV28-01
1927,CASSPTPSRSYGYTF,TCRBV06,TCRBV06-05
1928,CASSDSGSIYNSPLHF,TCRBV10,TCRBV10-01
1929,CASSLMGAHPYNEQFF,TCRBV27,TCRBV27-01
1930,CASSSAGDIETQYF,TCRBV27,TCRBV27-01
1931,CASSLGTSSYTQYF,TCRBV07,TCRBV07-02
1932,CASSQAAVEITDTQYF,TCRBV04,TCRBV04-02
1933,CASSWIAGGSRTDTQYF,TCRBV05,TCRBV05-05
1934,CASSFSGSTDTQYF,TCRBV28,TCRBV28-01
1935,CASSLAGKFTGELFF,TCRBV05,TCRBV05-01
1936,CASSLEGVGGQPQHF,TCRBV11,TCRBV11-02
1937,CASSLLDNYGYTF,TCRBV07,TCRBV07-08
1938,CASSPNYGYTF,TCRBV07,TCRBV07-09
1939,CASSQDL*QSGANVLTF,TCRBV14,TCRBV14-01
1940,CASSYRSDTQYF,TCRBV07,TCRBV07-03
1941,CASSLVGTRIVTDTQYF,TCRBV05,TCRBV05-01
1942,CASSTRGQVWGNEKLFF,TCRBV28,TCRBV28-01
1943,CASRYSGHPYGYTF,TCRBV06,TCRBV06-09
1944,CASKRDPYEQYF,TCRBV05,TCRBV05-03
1945,CASSPRDSGNTIYF,TCRBV04,TCRBV04-01
1946,CASSDRVGNTIYF,TCRBV07,TCRBV07-02
1947,CASSLQRGYETQYF,TCRBV05,TCRBV05-01
1948,CASSLGLAGGVQETQYF,TCRBV05,TCRBV05-01
1949,CASSPPKGRLQETQYF,TCRBV18,TCRBV18-01
1950,CASSLRGRVGDTQYF,TCRBV05,TCRBV05-03
1951,CASSPNWGLGLFF,TCRBV11,TCRBV11-02
1952,CASTRDRVKANTGELFF,TCRBV19,TCRBV19-01
1953,CASSLQGGDTEAFF,TCRBV04,TCRBV04-02
1954,CASINPPRGQGNTEAFF,TCRBV28,TCRBV28-01
1955,CAWSVGNSPLHF,TCRBV30,TCRBV30-01
1956,CAWSVQGEQYF,TCRBV30,TCRBV30-01
1957,CAVDSGEWGGYTF,TCRBV30,TCRBV30-01
1958,CAWRTRTGPPYYGYTF,TCRBV30,TCRBV30-01
1959,CSVDTGPYGYTF,TCRBV29,TCRBV29-01
1960,CSVVWGSLSYEQYF,TCRBV29,TCRBV29-01
1961,CAWAGLPQGSSYNSPLHF,TCRBV30,TCRBV30-01
1962,CAWNNGGETQYF,TCRBV30,TCRBV30-01
1963,CAWSDKYGYTF,TCRBV30,TCRBV30-01
1964,CAWSVQGIGAEAFF,TCRBV30,TCRBV30-01
1965,CASSPGQGEQYF,TCRBV25,TCRBV25-01
1966,CAWSLGWGRGEKLFF,TCRBV30,TCRBV30-01
1967,CASSFAAVTDTQYF,TCRBV05,TCRBV05-01
1968,CASSLGPDQPQHF,TCRBV05,TCRBV05-06
1969,CSVENLWYEQFF,TCRBV29,TCRBV29-01
1970,CASGLSIGEQYF,TCRBV06,TCRBV06-05
1971,CASSLQGAYNSPLHF,TCRBV07,TCRBV07-09
1972,CASGDYEQYF,TCRBV06,TCRBV06-05
1973,CASGRSYEQYF,TCRBV27,TCRBV27-01
1974,CASSLGGEEGSPLHF,TCRBV05,TCRBV05-01
1975,CASSESTSPYNEQFF,TCRBV25,TCRBV25-01
1976,CASKVNGYTF,TCRBV02,TCRBV02-01
1977,CAWAGYEQYF,TCRBV30,TCRBV30-01
1978,CASSWTSGSYEQYF,TCRBV06,TCRBV06-05
1979,CASSLVHNTEAFF,TCRBV05,TCRBV05-01
1980,CASSLGQGNYGYTF,TCRBV06,TCRBV06-05
1981,CASSGRASDGYTF,TCRBV02,TCRBV02-01
1982,CASSEGTGVGYTF,TCRBV02,TCRBV02-01
1983,CASSASLAGSYSYEQYF,TCRBV02,TCRBV02-01
1984,CASSPRRTAGYGYTF,TCRBV27,TCRBV27-01
1985,CASSPGKAYEQYF,TCRBV18,TCRBV18-01
1986,CASSLLGRASYNSPLHF,TCRBV05,TCRBV05-04
1987,CSVDPTGSTDTQYF,TCRBV29,TCRBV29-01
1988,CASRLERTLSYEQYF,TCRBV06,TCRBV06-06
1989,CASSLGDSYNSPLHF,TCRBV05,TCRBV05-01
1990,CSARDQGYTEAFF,TCRBV29,TCRBV29-01
1991,CASSPGDYGYTF,TCRBV27,TCRBV27-01
1992,CASSGTDPSGGYTF,TCRBV07,TCRBV07-09
1993,CASSEWGDEQYF,TCRBV25,TCRBV25-01
1994,CASGLWGTSYNEQFF,TCRBV27,TCRBV27-01
1995,CASSEMRGGAGGYTF,TCRBV02,TCRBV02-01
1996,CASSSWDRGLGYTF,TCRBV06,TCRBV06-05
1997,CASSFENRDGYTF,TCRBV05,TCRBV05-01
1998,CSVAFLLGAGGEKLFF,TCRBV29,TCRBV29-01
1999,CASSYRGNNYGYTF,TCRBV06,TCRBV06-05
2000,CASQTSRQAYNSPLHF,TCRBV04,TCRBV04-01
2001,CSVDTSGVSTDTQYF,TCRBV29,TCRBV29-01
2002,CSVPRGGFGYTF,TCRBV29,TCRBV29-01
2003,CASSEDRAAYGYTF,TCRBV04,TCRBV04-03
2004,CASSQGRAEGTEAFF,TCRBV04,TCRBV04-01
2005,CASSEGGWIDSYEQYF,TCRBV02,TCRBV02-01
2006,CATKGYFGEKLFF,TCRBV02,TCRBV02-01
2007,CASSIQGGGNQPQHF,TCRBV02,TCRBV02-01
2008,CASSYDRGTYEQYF,TCRBV06,TCRBV06-05
2009,CASSLHSGYGYTF,TCRBV07,TCRBV07-08
2010,CASSQDGQGYEQYF,TCRBV04,TCRBV04-02
2011,CASSQGRTADSNQPQHF,TCRBV04,TCRBV04-01
2012,CASSVAGTDYGYTF,TCRBV09,TCRBV09-01
2013,CASSPFRDRGREQYF,TCRBV18,TCRBV18-01
2014,CASSFGTSGSYEQYF,TCRBV27,TCRBV27-01
2015,CASTSGTGIYEQYF,TCRBV06,TCRBV06-01
2016,CASSSKRSGRTSYEQYF,TCRBV13,TCRBV13-01
2017,CASSDRGNTIYF,TCRBV06,TCRBV06-05
2018,CASRLGTGNTGELFF,TCRBV27,TCRBV27-01
2019,CASSRTPTSGASYEQYF,TCRBV04,TCRBV04-02
2020,CATQGWAIGGAGFLPLHF,TCRBV10,TCRBV10-03
2021,CASSLRI*YNEQFF,TCRBV07,TCRBV07-07
2022,CASSQLLGLAKETQYF,TCRBV04,TCRBV04-01
2023,CASSYSRTGGYEQYF,TCRBV06,TCRBV06-06
2024,CARMWE*RQSRANVLTF,TCRBV07,TCRBV07-05
2025,CASSSPQYF,TCRBV05,TCRBV05-01
2026,CASSQDWTGSYEQYF,TCRBV04,TCRBV04-03
2027,CAISESWGVYEQYF,TCRBV10,TCRBV10-03
2028,CASSIQRGPYEQYF,TCRBV19,TCRBV19-01
2029,CASRDRGGFYYEQYF,TCRBV06,TCRBV06-06
2030,CASSSSGGPNYGYTF,TCRBV05,TCRBV05-04
2031,CASSYFSGNTEAFF,TCRBV06,TCRBV06-05
2032,CASSFLGNQFWYYGYTF,TCRBV27,TCRBV27-01
2033,CSGGGGSGYNEQFF,TCRBV29,TCRBV29-01
2034,CSVEGPQEAEAFF,TCRBV29,TCRBV29-01
2035,CASSLGRINTEAFF,TCRBV05,TCRBV05-01
2036,CASSWDRAYSSSRQYF,TCRBV06,TCRBV06-06
2037,CAISAGDNQPQHF,TCRBV10,TCRBV10-03
2038,CASRRTETNEKLFF,TCRBV02,TCRBV02-01
2039,CASSRQGREQYF,TCRBV05,TCRBV05-01
2040,CASSEQTGYSGNTIYF,TCRBV02,TCRBV02-01
2041,CASSGSRLAGGIDTQYF,TCRBV05,TCRBV05-01
2042,CSASRDRTFF,TCRBV20,TCRBV20-01
2043,CASNGQATGELFF,TCRBV02,TCRBV02-01
2044,CASSYGVTGVTEKLFF,TCRBV06,TCRBV06-06
2045,CASSLVNQPQHF,TCRBV07,TCRBV07-02
2046,CASSLAGGPTNEQFF,TCRBV07,TCRBV07-03
2047,CASSPLNYGYTF,TCRBV07,TCRBV07-02
2048,CASSYRDYEQYF,TCRBV07,TCRBV07-04
2049,CASSLTSDKNYGYTF,TCRBV13,TCRBV13-01
2050,CATRDRGVRDGYTF,TCRBV10,TCRBV10-03
2051,CARRPM*RQSRANVLTF,TCRBV07,TCRBV07-05
2052,CASSQGRLNTEAFF,TCRBV18,TCRBV18-01
2053,RARSTG*AFF,TCRBV07,TCRBV07-03
2054,CASSSPGQVTYEQYF,TCRBV13,TCRBV13-01
2055,CASSVGFGTAHSPLHF,TCRBV09,TCRBV09-01
2056,CASRANTDTQYF,TCRBV02,TCRBV02-01
2057,CASSFLGGSEAFF,TCRBV05,TCRBV05-04
2058,CASSLLQVTGFNYGYTF,TCRBV07,TCRBV07-08
2059,CASSYRGHTEAFF,TCRBV06,TCRBV06-06
2060,CASSPSGNTEAFF,TCRBV07,TCRBV07-03
2061,CASSPGRLAGVHSYEQYF,TCRBV18,TCRBV18-01
2062,CASSLASGETQYF,TCRBV05,TCRBV05-06
2063,CASSLARGNQYF,TCRBV14,TCRBV14-01
2064,CASSRATSSYNEQFF,TCRBV07,TCRBV07-09
2065,CASSESGTYGYTF,TCRBV10,TCRBV10-01
2066,CASSEASGRTSGSYEQYF,TCRBV06,TCRBV06-01
2067,CASGSLAGGLKYF,TCRBV02,TCRBV02-01
2068,CASSISPRVGGYTF,TCRBV19,TCRBV19-01
2069,CASSGRDRWLPNYGYTF,TCRBV06,TCRBV06-01
2070,CASSYGQGVYEQYF,TCRBV06,TCRBV06-06
2071,CASSPGKAYEQYF,TCRBV18,TCRBV18-01
2072,CASSEKGRGRETQYF,TCRBV25,TCRBV25-01
2073,CASSPLGGAQETQYF,TCRBV06,TCRBV06-05
2074,CASTKGQNLRWYF,TCRBV07,TCRBV07-09
2075,CASSLTGGPTNEKLFF,TCRBV05,TCRBV05-01
2076,CASRSGPEQYF,TCRBV11,TCRBV11-02
2077,CASSLDLSLAGGPYNEQFF,TCRBV05,TCRBV05-01
2078,CASSLERGNQPQHF,TCRBV07,TCRBV07-02
2079,CASGEGYSYEQYF,TCRBV12,TCRBV12-05
2080,CASGRGNEQFF,TCRBV28,TCRBV28-01
2081,CASSWDRDYNEQFF,TCRBV05,TCRBV05-01
2082,CASSLAVSPETQYF,TCRBV05,TCRBV05-01
2083,CASSFYNEKLFF,TCRBV28,TCRBV28-01
2084,CASSQATTGLGNTIYF,TCRBV04,TCRBV04-03
2085,CASSPGAGWGVNTEAFF,TCRBV05,TCRBV05-06
2086,CASRQQGGQPQHF,TCRBV19,TCRBV19-01
2087,CASSKGDRD*RSIHEQYF,TCRBV21,TCRBV21-01
2088,CASSFTRESSGNTIYF,TCRBV06,TCRBV06-05
2089,CASSLGFGSGTGELFF,TCRBV05,TCRBV05-04
2090,CASSAPGLAVGTGELFF,TCRBV07,TCRBV07-08
2091,CASSLIGLGTGEYGTEAFF,TCRBV05,TCRBV05-06
2092,CASSPKPLGEQYF,TCRBV28,TCRBV28-01
2093,CASSPGDGAYEQYF,TCRBV28,TCRBV28-01
2094,CASSVVLAGSSYEQYF,TCRBV09,TCRBV09-01
2095,CASSFVVYSGSTDTQYF,TCRBV27,TCRBV27-01
2096,CASSLGQGSTDTQYF,TCRBV19,TCRBV19-01
2097,CASSVGGRESTGELFF,TCRBV09,TCRBV09-01
2098,CASSSGTSSQSRANVLTF,TCRBV07,TCRBV07-04
2099,CASSLLPGLAGGTPYNEQFF,TCRBV07,TCRBV07-03
2100,CASNWELRTGELFF,TCRBV06,TCRBV06-01
2101,CASSSPRGGRLGYGYTF,TCRBV28,TCRBV28-01
2102,CASSLTGVSGGYTF,TCRBV19,TCRBV19-01
2103,CASSPYRGPVGNTEAFF,TCRBV27,TCRBV27-01
2104,CASSPLPGLYSPLHF,TCRBV18,TCRBV18-01
2105,CASHEGTGYGYTF,TCRBV19,TCRBV19-01
2106,CASSQGLAGDYEQYF,TCRBV04,TCRBV04-03
2107,CASSLVLAGAYEQYF,TCRBV05,TCRBV05-01
2108,CASSRTTDPTGGTGNTIYF,TCRBV18,TCRBV18-01
2109,CAWTGGSYNSPLHF,TCRBV30,TCRBV30-01
2110,CASSLGLAGGSYNEQFF,TCRBV27,TCRBV27-01
2111,CASSPRGGEKLFF,TCRBV07,TCRBV07-07
2112,CASSLAGVGDTQYF,TCRBV07,TCRBV07-08
2113,CASSLGTSGRADTQYF,TCRBV07,TCRBV07-03
2114,CASSKGQPYYGYTF,TCRBV19,TCRBV19-01
2115,CASSFLGGTVHEQYF,TCRBV11,TCRBV11-01
2116,CASSQRPLDSGNTIYF,TCRBV04,TCRBV04-01
2117,CASSAQGTPQYNEQFF,TCRBV02,TCRBV02-01
2118,CASSGTSGFFTDTQYF,TCRBV05,TCRBV05-08
2119,CASSRQGRNYGYTF,TCRBV28,TCRBV28-01
2120,CASSAQDVGSYEQYF,TCRBV19,TCRBV19-01
2121,CASSFDKLNDGNQPQHF,TCRBV07,TCRBV07-09
2122,CASSGGRGSGNTIYF,TCRBV19,TCRBV19-01
2123,CASSLAGTGTGNTIYF,TCRBV07,TCRBV07-09
2124,CATTSGYSYNEQFF,TCRBV19,TCRBV19-01
2125,CASSFSRGPHSGNTIYF,TCRBV07,TCRBV07-02
2126,CASSMWGTSGSTDTQYF,TCRBV19,TCRBV19-01
2127,CASGLVGQGGDTQYF,TCRBV12,TCRBV12-05
2128,CASSSQGGGTDTQYF,TCRBV06,TCRBV06-05
2129,CASSKKGENTEAFF,TCRBV21,TCRBV21-01
2130,CASSEEPRANEQFF,TCRBV05,TCRBV05-08
2131,CASRLDLGETQYF,TCRBV07,TCRBV07-09
2132,CASSKLIDGGDQTQYF,TCRBV19,TCRBV19-01
2133,CAARTTGEAFF,TCRBV10,TCRBV10-03
2134,CASSVTGNTIYF,TCRBV09,TCRBV09-01
2135,CASRLRPSGGNEQFF,TCRBV07,TCRBV07-02
2136,CASSNPKLL*RT**NNEQFF,TCRBV19,TCRBV19-01
2137,CASSSANTGLTGELFF,TCRBV21,TCRBV21-01
2138,CASSLWGQGATEAFF,TCRBV27,TCRBV27-01
2139,CASSNTGGIWANTEAFF,TCRBV21,TCRBV21-01
2140,CASGLVAGRGTDEQYF,TCRBV12,TCRBV12-05
2141,CASSLDSFSYEQFF,TCRBV07,TCRBV07-08
2142,CASSSFNEQFF,TCRBV18,TCRBV18-01
2143,CASSESTYNEQFF,TCRBV10,TCRBV10-01
2144,CASSLRETQYF,TCRBV05,TCRBV05-06
2145,CASSLSSGGSYNEQFF,TCRBV11,TCRBV11-02
2146,CAISELAGGSTDTQYF,TCRBV10,TCRBV10-03
2147,CASSGRGNTEAFF,TCRBV06,TCRBV06-01
2148,CASTSGRYGYTF,TCRBV05,TCRBV05-04
2149,CATSRGASGPEETQYF,TCRBV15,TCRBV15-01
2150,CATTGARDTGELFF,TCRBV15,TCRBV15-01
2151,CAWSRGANYGYTF,TCRBV30,TCRBV30-01
2152,CASSPHSGPGNTIYF,TCRBV18,TCRBV18-01
2153,CASSLYPDSRNEKLFF,TCRBV07,TCRBV07-09
2154,CASSMGQGAFRQPQHF,TCRBV19,TCRBV19-01
2155,CASSLMGHADQPQHF,TCRBV05,TCRBV05-04
2156,CASSIDHTPGAWNQPQHF,TCRBV19,TCRBV19-01
2157,CASSEQIQETQYF,TCRBV02,TCRBV02-01
2158,CSARQETQYF,TCRBV20,TCRBV20-01
2159,CASTDRVKNTEAFF,TCRBV06,TCRBV06-04
2160,CASRLGTGQPLGKLFF,TCRBV12,TCRBV12-02
2161,CASSVTTGAKNIQYF,TCRBV06,TCRBV06-01
2162,CAVVQGRLSEAFF,TCRBV06,TCRBV06-01
2163,CASSWETVNTEAFF,TCRBV19,TCRBV19-01
2164,CASRQAGTGFQPQHF,TCRBV06,TCRBV06-06
2165,CASRDRGGFYYEQYF,TCRBV06,TCRBV06-06
2166,CASSFKG*RGEADTQYF,TCRBV05,TCRBV05-01
2167,CASRDRAGTDTQYF,TCRBV19,TCRBV19-01
2168,CASSILGGSEAFF,TCRBV19,TCRBV19-01
2169,CASSLAVTSGGNTIYF,TCRBV07,TCRBV07-02
2170,CASSLTSGGNTGELFF,TCRBV05,TCRBV05-01
2171,CASSLDGRRSEQFF,TCRBV11,TCRBV11-02
2172,CASSRLDAQYF,TCRBV07,TCRBV07-06
2173,CATSRPIGTGKFEQYF,TCRBV15,TCRBV15-01
2174,CASSLRPSGKSFMGEQYF,TCRBV07,TCRBV07-09
2175,CAIRAMQGRGSYNEQFF,TCRBV10,TCRBV10-03
2176,CASSPGLSRETQYF,TCRBV05,TCRBV05-01
2177,CASSQLTGKETQYF,TCRBV11,TCRBV11-02
2178,CASIFG**LQYF,TCRBV28,TCRBV28-01
2179,CATSLGQGTDTQYF,TCRBV15,TCRBV15-01
2180,CASSRLRSYEQYF,TCRBV07,TCRBV07-08
2181,CASHVSSGSRVLANEQFF,TCRBV10,TCRBV10-01
2182,CASSFGRLNTEAFF,TCRBV05,TCRBV05-01
2183,CASSILDTSNTEAFF,TCRBV19,TCRBV19-01
2184,CASSLVGQSYEQYF,TCRBV07,TCRBV07-02
2185,CASSNWGQGAGRSEAFF,TCRBV05,TCRBV05-01
2186,CASMQSNTEAFF,TCRBV10,TCRBV10-02
2187,CATKQGPSGNTIYF,TCRBV19,TCRBV19-01
2188,CASRGSGKNIQYF,TCRBV10,TCRBV10-02
2189,CASSPLGIEAFF,TCRBV05,TCRBV05-08
2190,CASSLRTAGYEQFF,TCRBV11,TCRBV11-02
2191,CASSSLSGENYNEQFF,TCRBV19,TCRBV19-01
2192,CASSPGGTDTQYF,TCRBV18,TCRBV18-01
2193,CASNPYRDSTDTQYF,TCRBV19,TCRBV19-01
2194,CASSQGGPGELFF,TCRBV04,TCRBV04-02
2195,CASSLVARNTEAFF,TCRBV07,TCRBV07-02
2196,CASSGLAGFYEQYF,TCRBV10,TCRBV10-02
2197,CASSRTRETQYF,TCRBV07,TCRBV07-09
2198,CAISDRAADTQYF,TCRBV06,TCRBV06-05
2199,CASKTQGANTEAFF,TCRBV19,TCRBV19-01
2200,CSVVSVRGQGNIQYF,TCRBV29,TCRBV29-01
2201,CASSSRQGPTDTQYF,TCRBV05,TCRBV05-01
2202,CASSFGTVNTGELFF,TCRBV25,TCRBV25-01
2203,CASSSRTGLNYGYTF,TCRBV05,TCRBV05-05
2204,CASSRGGHSYEQYF,TCRBV06,TCRBV06-01
2205,CASSGVAKVTSRANVLTF,TCRBV04,TCRBV04-02
2206,CAISESWGVYEQYF,TCRBV10,TCRBV10-03
2207,CASSLDRQDTRRDTQYF,TCRBV07,TCRBV07-09
2208,CASSFRQGVGEKLFF,TCRBV05,TCRBV05-05
2209,CATSRGGPLGVRYEQYF,TCRBV15,TCRBV15-01
2210,CASSLRPGGLDTQYF,TCRBV05,TCRBV05-08
2211,CASSIRTPGANVLTF,TCRBV19,TCRBV19-01
2212,CASSAGQGETQYF,TCRBV19,TCRBV19-01
2213,CASRGRTDTQYF,TCRBV28,TCRBV28-01
2214,CASRDARGDRGLNYGYTF,TCRBV10,TCRBV10-01
2215,CASSTLDVYEQYF,TCRBV27,TCRBV27-01
2216,CASSVVLAGSSYEQYF,TCRBV09,TCRBV09-01
2217,CASSLGLAGGYNEQFF,TCRBV05,TCRBV05-01
2218,CASSYGQGVYEQYF,TCRBV06,TCRBV06-06
2219,CASSLQQGVGETQYF,TCRBV07,TCRBV07-09
2220,CASAWDRGTYEQYF,TCRBV06,TCRBV06-05
2221,CASRVGGTVPPGDTQYF,TCRBV05,TCRBV05-04
2222,CASSVLAREGTQYF,TCRBV09,TCRBV09-01
2223,CASSLYRTGGTEAFF,TCRBV05,TCRBV05-04
2224,CASSTSGATKNIQYF,TCRBV19,TCRBV19-01
2225,CASSLMSGESSYNEQFF,TCRBV28,TCRBV28-01
2226,CASSAQDVGSYEQYF,TCRBV19,TCRBV19-01
2227,CASGLVAGRGTDEQYF,TCRBV12,TCRBV12-05
2228,CASSQHRTGGTDTQYF,TCRBV04,TCRBV04-01
2229,CASSSTDRASTDTQYF,TCRBV07,TCRBV07-09
2230,CASSPHWGQVGKAFF,TCRBV06,TCRBV06-06
2231,CASERLGEAFF,TCRBV06,TCRBV06-01
2232,CASSYTGPNTEAFF,TCRBV06,TCRBV06-05
2233,CASS*GQGKEKLFF,TCRBV06,TCRBV06-06
2234,CAISESMSSGGKQYF,TCRBV10,TCRBV10-03
2235,CASSEM*QSRANVLTF,TCRBV06,TCRBV06-01
2236,CASRGQEIDTQYF,TCRBV18,TCRBV18-01
2237,CSADRGFEAFF,TCRBV29,TCRBV29-01
2238,CASRESYQPQHF,TCRBV06,TCRBV06-05
2239,CASSLGQGNYGYTF,TCRBV06,TCRBV06-06
2240,CASSLEAAYEQYF,TCRBV13,TCRBV13-01
2241,CASSLEAAYEQYF,TCRBV02,TCRBV02-01
2242,CASSLVPYEQYF,TCRBV05,TCRBV05-01
2243,CASRDRGGFYYEQYF,TCRBV06,TCRBV06-05
2244,CASSTGTGNYEQYF,TCRBV06,TCRBV06-06
2245,CASSLASRVNEQFF,TCRBV11,TCRBV11-02
2246,CASSSDPGGTQYF,TCRBV05,TCRBV05-04
2247,CASTPQGTLWETQYF,TCRBV06,TCRBV06-06
2248,CASSPGLSRETQYF,TCRBV05,TCRBV05-01
2249,CASSYWGLIQETQYF,TCRBV06,TCRBV06-05
2250,CASSLTPDRADTQYF,TCRBV04,TCRBV04-02
2251,CASSDSALTEAFF,TCRBV06,TCRBV06-04
